family,n_rules,method,n,instances,runs_per_instance,success,success_ci_low,success_ci_high,distance_median,distance_q25,distance_q75,rank_median,rank_q25,rank_q75
L,1,annealing,50,100,10,0.001,0.0,0.005,4.4563879924658645,3.7367949319753104,5.770685661871567,0.9800748825073242,0.9283485412597656,0.9902133941650391
L,1,annealing,100,100,10,0.003,0.0,0.009,4.352130565875494,3.2288294111823,4.900844505139466,0.9890899658203125,0.9515812397003174,0.9982938766479492
L,1,annealing,200,100,10,0.013,0.004,0.024,3.736794931975311,2.491196621316873,4.738791022072738,0.9942655563354492,0.9827775955200195,0.9993934631347656
L,1,annealing,400,100,10,0.049,0.03,0.07,2.843274613243643,2.073163354853558,4.352130565875492,0.9990777969360352,0.9931516647338867,0.9999618530273438
L,1,annealing,800,100,10,0.137,0.099,0.176,2.1525529407882003,1.245598310658437,3.0650441127076844,0.9999618530273438,0.9990520477294922,0.9999990463256836
L,1,annealing,1600,100,10,0.273,0.212,0.334,1.5325220563538424,0.0,2.176065282937748,0.9999990463256836,0.9999618530273438,1.0
L,1,annealing,3200,100,10,0.407,0.338,0.477,1.2455983106584365,0.0,1.6245538642137909,0.9999990463256836,0.9999914169311523,1.0
L,1,annealing,6400,100,10,0.554,0.477,0.63,0.0,0.0,1.62455386421379,1.0,0.9999990463256836,1.0
L,1,annealing,12800,100,10,0.645,0.57,0.716,0.0,0.0,1.2455983106584372,1.0,0.9999990463256836,1.0
L,1,annealing,25600,100,10,0.795,0.731,0.855,0.0,0.0,0.0,1.0,1.0,1.0
L,1,annealing,51200,100,10,0.847,0.789,0.902,0.0,0.0,0.0,1.0,1.0,1.0
L,1,annealing,102400,100,10,0.916,0.868,0.959,0.0,0.0,0.0,1.0,1.0,1.0
L,1,quadruplet,50,100,10,0.012,0.003,0.022,2.843274613243643,2.1760652829377456,4.1311822359545785,0.999119758605957,0.9980125427246094,0.9998769760131836
L,1,quadruplet,100,100,10,0.045,0.027,0.065,2.2281939962329322,1.6245538642137907,3.2491077284275813,0.9997329711914062,0.9989356994628906,0.9999713897705078
L,1,quadruplet,200,100,10,0.14,0.103,0.179,1.9511937973570523,1.2455983106584363,2.491196621316873,0.9999713897705078,0.9997329711914062,0.9999990463256836
L,1,quadruplet,400,100,10,0.276,0.218,0.331,1.442671415467892,0.0,2.176065282937748,0.9999990463256836,0.9998769760131836,1.0
L,1,quadruplet,800,100,10,0.426,0.348,0.5,1.2455983106584365,0.0,2.1760652829377465,0.9999990463256836,0.9999618530273438,1.0
L,1,quadruplet,1600,100,10,0.507,0.425,0.589,0.0,0.0,2.176065282937747,1.0,0.9999618530273438,1.0
L,1,quadruplet,3200,100,10,0.557,0.461,0.647,0.0,0.0,2.228193996232932,1.0,0.9999618530273438,1.0
L,1,quadruplet,6400,100,10,0.585,0.49,0.67,0.0,0.0,2.228193996232932,1.0,0.9999618530273438,1.0
L,1,quadruplet,12800,100,10,0.578,0.483,0.669,0.0,0.0,2.2281939962329322,1.0,0.9999618530273438,1.0
L,1,quadruplet,25600,100,10,0.593,0.501,0.685,0.0,0.0,2.228193996232932,1.0,0.9999618530273438,1.0
L,1,quadruplet,51200,100,10,0.596,0.501,0.686,0.0,0.0,2.2281939962329322,1.0,0.9999618530273438,1.0
L,1,quadruplet,102400,100,10,0.584,0.485,0.676,0.0,0.0,4.352130565875492,1.0,0.9890899658203125,1.0
L,1,quintuplet,50,100,10,0.018,0.008,0.031,2.4911966213168744,2.1525529407882003,4.1311822359545785,0.999119758605957,0.9982938766479492,0.9998769760131836
L,1,quintuplet,100,100,10,0.053,0.032,0.076,2.176065282937747,1.6245538642137904,2.8853428309357834,0.9998769760131836,0.9993934631347656,0.9999914169311523
L,1,quintuplet,200,100,10,0.191,0.147,0.243,1.6245538642137907,1.0762764703941,2.176065282937748,0.9999914169311523,0.9999513626098633,0.9999990463256836
L,1,quintuplet,400,100,10,0.354,0.294,0.42,1.2455983106584365,0.0,1.6245538642137907,0.9999990463256836,0.9999914169311523,1.0
L,1,quintuplet,800,100,10,0.532,0.461,0.604,0.0,0.0,1.62455386421379,1.0,0.9999990463256836,1.0
L,1,quintuplet,1600,100,10,0.659,0.586,0.731,0.0,0.0,1.245598310658437,1.0,0.9999990463256836,1.0
L,1,quintuplet,3200,100,10,0.774,0.71,0.833,0.0,0.0,0.0,1.0,1.0,1.0
L,1,quintuplet,6400,100,10,0.848,0.795,0.897,0.0,0.0,0.0,1.0,1.0,1.0
L,1,quintuplet,12800,100,10,0.894,0.843,0.938,0.0,0.0,0.0,1.0,1.0,1.0
L,1,quintuplet,25600,100,10,0.918,0.869,0.96,0.0,0.0,0.0,1.0,1.0,1.0
L,1,quintuplet,51200,100,10,0.933,0.886,0.972,0.0,0.0,0.0,1.0,1.0,1.0
L,1,quintuplet,102400,100,10,0.94,0.895,0.977,0.0,0.0,0.0,1.0,1.0,1.0
L,1,random,50,10,10,0.02,0.0,0.08,3.249107728427581,2.491196621316873,4.146326709707116,0.9982938766479492,0.9899325370788574,0.9990501403808594
L,1,random,100,10,10,0.02,0.0,0.08,3.2288294111823,2.1760652829377465,3.2491077284275813,0.9985675811767578,0.9982938766479492,0.9997329711914062
L,1,random,200,10,10,0.02,0.0,0.08,2.228193996232932,2.1525529407882,3.249107728427581,0.9997329711914062,0.9982938766479492,0.9999618530273438
L,1,random,400,10,10,0.03,0.0,0.11,2.491196621316873,2.1760652829377465,3.2491077284275813,0.9993934631347656,0.9982938766479492,0.9999618530273438
L,1,random,800,10,10,0.0,0.0,0.0,3.73679493197531,2.228193996232932,4.873661592641372,0.9896516799926758,0.9389619827270508,0.9993934631347656
L,1,random,1600,10,10,0.01,0.0,0.05,4.352130565875493,3.2491077284275813,5.508242981272771,0.9763393402099609,0.9389619827270508,0.9902133941650391
L,1,random,3200,10,10,0.0,0.0,0.0,4.4563879924658645,3.73679493197531,4.900844505139466,0.9763393402099609,0.9389619827270508,0.9890899658203125
L,1,random,6400,10,10,0.0,0.0,0.0,4.352130565875493,3.73679493197531,5.000591782473654,0.9763393402099609,0.9389619827270508,0.9890899658203125
L,1,random,12800,10,10,0.0,0.0,0.0,4.665024792553618,4.34037439480072,5.3813823519705,0.9696273803710938,0.9389619827270508,0.9846649169921875
L,1,random,25600,10,10,0.0,0.0,0.0,4.873661592641372,4.3051058815764,5.413097509296068,0.9763393402099609,0.9389619827270508,0.9890899658203125
L,1,random,51200,10,10,0.0,0.0,0.0,4.873661592641372,4.265411088609079,6.219490064560675,0.9629154205322266,0.9283485412597656,0.9890899658203125
L,1,random,102400,10,10,0.01,0.0,0.04,4.873661592641372,4.3051058815764,5.508242981272771,0.9509387016296387,0.9283485412597656,0.9890899658203125
L,2,annealing,50,100,10,0.0,0.0,0.0,4.467879017905974,3.392006017490633,5.766837153303832,0.9405689239501953,0.8644747734069824,0.98465895652771
L,2,annealing,100,100,10,0.001,0.0,0.004,4.138256357287535,2.978036240734993,5.518625959268635,0.9732580184936523,0.9206943511962891,0.9935214519500732
L,2,annealing,200,100,10,0.011,0.003,0.021,3.192788976171041,2.243235513187199,4.751460003388924,0.991389274597168,0.9664957523345947,0.9989604949951172
L,2,annealing,400,100,10,0.052,0.028,0.079,2.2378852742458664,1.3812389267807794,3.6028778148899505,0.999138355255127,0.9936037063598633,0.9999322891235352
L,2,annealing,800,100,10,0.188,0.142,0.24,1.3414482508137404,0.627202946056538,2.2054769140775363,0.9999485015869141,0.9995007514953613,0.9999980926513672
L,2,annealing,1600,100,10,0.301,0.237,0.364,0.8631610138096525,0.0,1.437665174479835,0.9999942779541016,0.9999418258666992,1.0
L,2,annealing,3200,100,10,0.468,0.396,0.54,0.1754754458270179,0.0,1.0334972144679588,0.9999990463256836,0.9999856948852539,1.0
L,2,annealing,6400,100,10,0.565,0.489,0.639,0.0,0.0,0.7374477950841387,1.0,0.9999980926513672,1.0
L,2,annealing,12800,100,10,0.693,0.624,0.758,0.0,0.0,0.3631703909422919,1.0,0.9999990463256836,1.0
L,2,annealing,25600,100,10,0.815,0.76,0.865,0.0,0.0,0.0,1.0,1.0,1.0
L,2,annealing,51200,100,10,0.911,0.871,0.946,0.0,0.0,0.0,1.0,1.0,1.0
L,2,annealing,102400,100,10,0.966,0.942,0.986,0.0,0.0,0.0,1.0,1.0,1.0
L,2,quadruplet,50,100,10,0.004,0.0,0.01,2.8744213631668165,2.11166244861949,4.012535228438557,0.9972505569458008,0.9892368316650391,0.9992561340332031
L,2,quadruplet,100,100,10,0.02,0.009,0.034,2.3011151208359353,1.5538051062488305,3.2445184334085186,0.9991378784179688,0.9965839385986328,0.9998655319213867
L,2,quadruplet,200,100,10,0.065,0.041,0.093,1.8581576727635312,1.1317435959319346,2.634080874693609,0.9998002052307129,0.9987096786499023,0.9999847412109375
L,2,quadruplet,400,100,10,0.173,0.127,0.224,1.3158428036568588,0.6222829574788071,2.1494758379502223,0.9999637603759766,0.9996280670166016,0.9999990463256836
L,2,quadruplet,800,100,10,0.297,0.235,0.366,0.9078876761321575,0.0,1.667646953524735,0.9999923706054688,0.9998483657836914,1.0
L,2,quadruplet,1600,100,10,0.419,0.341,0.496,0.45236305075616856,0.0,1.45717410321754,0.9999990463256836,0.9998655319213867,1.0
L,2,quadruplet,3200,100,10,0.499,0.417,0.584,0.003455938318707477,0.0,1.3386770010708817,0.9999990463256836,0.9998924732208252,1.0
L,2,quadruplet,6400,100,10,0.551,0.463,0.64,0.0,0.0,1.154219781160781,1.0,0.9999275207519531,1.0
L,2,quadruplet,12800,100,10,0.578,0.484,0.669,0.0,0.0,1.0985270766804247,1.0,0.9999799728393555,1.0
L,2,quadruplet,25600,100,10,0.586,0.495,0.677,0.0,0.0,1.1091931469949612,1.0,0.9999799728393555,1.0
L,2,quadruplet,51200,100,10,0.615,0.522,0.708,0.0,0.0,1.0903085378598905,1.0,0.9999809265136719,1.0
L,2,quadruplet,102400,100,10,0.617,0.523,0.71,0.0,0.0,1.01724761138858,1.0,0.9999809265136719,1.0
L,2,quintuplet,50,100,10,0.001,0.0,0.004,2.8593979295084107,2.1494758379502223,4.014284329290351,0.9970149993896484,0.9895620346069336,0.9992005825042725
L,2,quintuplet,100,100,10,0.019,0.008,0.034,2.2164879318843576,1.5427740023679675,3.1286025883368773,0.9993081092834473,0.9973816871643066,0.9998674392700195
L,2,quintuplet,200,100,10,0.08,0.053,0.11,1.5538051062488305,1.0501598324160615,2.271736703390306,0.9998703002929688,0.9993886947631836,0.9999895095825195
L,2,quintuplet,400,100,10,0.201,0.156,0.248,1.0961468685831448,0.41487020269552366,1.6032908756573228,0.9999847412109375,0.9998483657836914,0.9999990463256836
L,2,quintuplet,800,100,10,0.349,0.289,0.412,0.6257205176673756,0.0,1.201962619593722,0.9999980926513672,0.9999732971191406,1.0
L,2,quintuplet,1600,100,10,0.513,0.443,0.589,0.0,0.0,0.8325454490854706,1.0,0.999995231628418,1.0
L,2,quintuplet,3200,100,10,0.625,0.549,0.701,0.0,0.0,0.45367131591817067,1.0,0.9999990463256836,1.0
L,2,quintuplet,6400,100,10,0.706,0.63,0.782,0.0,0.0,0.17495695981501816,1.0,0.9999990463256836,1.0
L,2,quintuplet,12800,100,10,0.732,0.655,0.805,0.0,0.0,0.07264023219072466,1.0,0.9999990463256836,1.0
L,2,quintuplet,25600,100,10,0.751,0.673,0.825,0.0,0.0,0.0,1.0,1.0,1.0
L,2,quintuplet,51200,100,10,0.76,0.68,0.838,0.0,0.0,0.0,1.0,1.0,1.0
L,2,quintuplet,102400,100,10,0.768,0.686,0.844,0.0,0.0,0.0,1.0,1.0,1.0
L,2,random,50,10,10,0.0,0.0,0.0,3.2571665249627313,2.628807164132807,4.427873922874566,0.9899139404296875,0.9815521240234375,0.9971466064453125
L,2,random,100,10,10,0.0,0.0,0.0,2.787142971977741,2.2033138085717505,4.023887881116332,0.9960842132568359,0.989863395690918,0.9992170333862305
L,2,random,200,10,10,0.0,0.0,0.0,2.5897321037056877,2.110626144528364,3.7784450004926655,0.9981050491333008,0.9931955337524414,0.9996185302734375
L,2,random,400,10,10,0.0,0.0,0.0,2.628807164132807,1.960689319825951,3.8047244052628613,0.998194694519043,0.9931955337524414,0.9996337890625
L,2,random,800,10,10,0.0,0.0,0.0,3.945282767781492,2.6889073489638515,4.693339144031471,0.9730281829833984,0.9139308929443359,0.9978818893432617
L,2,random,1600,10,10,0.0,0.0,0.0,4.368182986553294,3.335158666830867,5.445160280821499,0.9699668884277344,0.9203271865844727,0.9880220890045166
L,2,random,3200,10,10,0.0,0.0,0.0,4.7772732291338,3.970915978593013,5.786080280363104,0.9186649322509766,0.8056142330169678,0.9713587760925293
L,2,random,6400,10,10,0.0,0.0,0.0,4.435527187944517,3.853401395152021,5.568276832671353,0.9310388565063477,0.827167272567749,0.9713587760925293
L,2,random,12800,10,10,0.0,0.0,0.0,4.894612367330945,4.324910178377632,6.070249355140969,0.8796005249023438,0.7668609619140625,0.9684727191925049
L,2,random,25600,10,10,0.0,0.0,0.0,4.7772732291338,4.298995706047406,6.226940681616325,0.8997287750244141,0.8038482666015625,0.9698746204376221
L,2,random,51200,10,10,0.0,0.0,0.0,4.694011977170107,3.8446527538349256,6.070249355140969,0.9208812713623047,0.8557710647583008,0.9699668884277344
L,2,random,102400,10,10,0.0,0.0,0.0,4.427873922874566,3.830371233053449,5.962934822923561,0.9345440864562988,0.8416283130645752,0.9700818061828613
L,3,annealing,50,100,10,0.0,0.0,0.0,3.9006280258715296,2.878759151207634,5.068342423613327,0.9420347213745117,0.8428916931152344,0.9837229251861572
L,3,annealing,100,100,10,0.002,0.0,0.007,3.460237978715951,2.4820920296370157,4.652098989593402,0.9723811149597168,0.9080052375793457,0.9936597347259521
L,3,annealing,200,100,10,0.008,0.001,0.017,2.629254313701483,1.8450413473772889,3.928621733122721,0.9939117431640625,0.9703848361968994,0.9989709854125977
L,3,annealing,400,100,10,0.05,0.031,0.071,1.761825935169654,1.050960324064016,2.638928031100023,0.999384880065918,0.9961566925048828,0.999943733215332
L,3,annealing,800,100,10,0.166,0.119,0.218,1.0536414911876355,0.46401187274171474,1.658609826548837,0.9999580383300781,0.9996428489685059,0.9999971389770508
L,3,annealing,1600,100,10,0.296,0.236,0.363,0.6541697639985529,0.0,1.1456786712856903,0.9999942779541016,0.9999537467956543,1.0
L,3,annealing,3200,100,10,0.463,0.4,0.531,0.11589216440435443,0.0,0.8634887582148247,0.9999990463256836,0.9999933242797852,1.0
L,3,annealing,6400,100,10,0.592,0.527,0.658,0.0,0.0,0.5014738303378614,1.0,0.9999980926513672,1.0
L,3,annealing,12800,100,10,0.734,0.677,0.789,0.0,0.0,0.09984640368562751,1.0,0.9999990463256836,1.0
L,3,annealing,25600,100,10,0.864,0.824,0.902,0.0,0.0,0.0,1.0,1.0,1.0
L,3,annealing,51200,100,10,0.936,0.902,0.965,0.0,0.0,0.0,1.0,1.0,1.0
L,3,annealing,102400,100,10,0.985,0.97,0.996,0.0,0.0,0.0,1.0,1.0,1.0
L,3,quadruplet,50,100,10,0.005,0.0,0.012,2.4895281164293266,1.8565596850902557,3.3323964478387396,0.9959683418273926,0.9887444972991943,0.9988985061645508
L,3,quadruplet,100,100,10,0.01,0.003,0.019,2.2003348431243515,1.4931690305083993,2.92848587385743,0.9981985092163086,0.995189905166626,0.9996798038482666
L,3,quadruplet,200,100,10,0.037,0.017,0.061,1.684634548788657,1.1009894833997858,2.513714131270733,0.9995346069335938,0.9970302581787109,0.9999423027038574
L,3,quadruplet,400,100,10,0.093,0.06,0.131,1.3109843255719666,0.828143561585326,2.0308940690615476,0.9998612403869629,0.9989454746246338,0.9999885559082031
L,3,quadruplet,800,100,10,0.186,0.135,0.239,1.0300549262639644,0.30698089099548426,1.6292618350165227,0.9999551773071289,0.9995708465576172,0.9999980926513672
L,3,quadruplet,1600,100,10,0.263,0.196,0.329,0.836203598348063,0.0,1.458970150597703,0.9999785423278809,0.9997577667236328,1.0
L,3,quadruplet,3200,100,10,0.325,0.249,0.403,0.6011374760478216,0.0,1.326383713573985,0.9999933242797852,0.9998435974121094,1.0
L,3,quadruplet,6400,100,10,0.381,0.299,0.467,0.4366848608635044,0.0,1.1973659896347528,0.9999971389770508,0.9998588562011719,1.0
L,3,quadruplet,12800,100,10,0.419,0.334,0.505,0.2302059947045469,0.0,1.0959579826581531,0.9999990463256836,0.9998855590820312,1.0
L,3,quadruplet,25600,100,10,0.476,0.386,0.566,0.07252619300010102,0.0,0.9816904253057966,0.9999990463256836,0.9999103546142578,1.0
L,3,quadruplet,51200,100,10,0.504,0.41,0.596,0.0,0.0,0.955297740785155,1.0,0.9999265670776367,1.0
L,3,quadruplet,102400,100,10,0.526,0.434,0.617,0.0,0.0,0.9539186022533238,1.0,0.999934196472168,1.0
L,3,quintuplet,50,100,10,0.002,0.0,0.007,2.507962126918251,1.8965623197542634,3.3609371505066203,0.9955615997314453,0.9882473945617676,0.9984512329101562
L,3,quintuplet,100,100,10,0.008,0.002,0.016,2.0746780376664655,1.4755930550763552,2.753300310039382,0.9984512329101562,0.9960699081420898,0.9996604919433594
L,3,quintuplet,200,100,10,0.032,0.015,0.053,1.511884789930538,1.0753044968970917,2.142436461039395,0.999692440032959,0.9987478256225586,0.9999570846557617
L,3,quintuplet,400,100,10,0.094,0.066,0.126,1.1304982351827528,0.6697857336147002,1.6051645300530257,0.9999370574951172,0.9996767044067383,0.9999942779541016
L,3,quintuplet,800,100,10,0.2,0.15,0.252,0.8057146831687264,0.11589216440435443,1.1986680554468025,0.9999885559082031,0.9999141693115234,0.9999990463256836
L,3,quintuplet,1600,100,10,0.337,0.269,0.409,0.4580943644804273,0.0,0.9716776741020781,0.9999971389770508,0.9999656677246094,1.0
L,3,quintuplet,3200,100,10,0.437,0.361,0.515,0.11589216440435443,0.0,0.7226641618164974,0.9999990463256836,0.9999885559082031,1.0
L,3,quintuplet,6400,100,10,0.524,0.443,0.606,0.0,0.0,0.5516295368118341,1.0,0.9999942779541016,1.0
L,3,quintuplet,12800,100,10,0.591,0.507,0.671,0.0,0.0,0.4013791177092881,1.0,0.9999971389770508,1.0
L,3,quintuplet,25600,100,10,0.626,0.541,0.706,0.0,0.0,0.3688781962904926,1.0,0.9999980926513672,1.0
L,3,quintuplet,51200,100,10,0.64,0.551,0.724,0.0,0.0,0.32110736635001674,1.0,0.9999988079071045,1.0
L,3,quintuplet,102400,100,10,0.639,0.548,0.722,0.0,0.0,0.32110736635001674,1.0,0.9999980926513672,1.0
L,3,random,50,10,10,0.0,0.0,0.0,3.305397475744832,2.599954369105967,3.930543517013487,0.990015983581543,0.9803128242492676,0.9966244697570801
L,3,random,100,10,10,0.0,0.0,0.0,3.1092948044533593,2.488579874413017,3.7394836689593722,0.9949522018432617,0.9887800216674805,0.9979958534240723
L,3,random,200,10,10,0.0,0.0,0.0,2.8461644723170796,2.2303160502001305,3.5792639547668825,0.9972991943359375,0.9947280883789062,0.9989473819732666
L,3,random,400,10,10,0.0,0.0,0.0,2.761242859551282,2.090758977815589,3.5792639547668825,0.9973478317260742,0.9940271377563477,0.9991631507873535
L,3,random,800,10,10,0.0,0.0,0.0,3.55847125017415,2.493691908112828,4.674270202888677,0.9907350540161133,0.9432802200317383,0.9989144802093506
L,3,random,1600,10,10,0.0,0.0,0.0,4.452069007417263,3.3003801743544203,5.368895932150324,0.9570856094360352,0.8481197357177734,0.9864521026611328
L,3,random,3200,10,10,0.0,0.0,0.0,4.773389968008712,3.955192385729872,6.051891931349183,0.9113497734069824,0.7949557304382324,0.963850736618042
L,3,random,6400,10,10,0.0,0.0,0.0,4.866307001662777,4.111142657465048,6.016268185289789,0.8872900009155273,0.7821578979492188,0.9616949558258057
L,3,random,12800,10,10,0.0,0.0,0.0,4.819654433410464,4.192231632130532,6.135933009413126,0.8996896743774414,0.7704727649688721,0.9580447673797607
L,3,random,25600,10,10,0.0,0.0,0.0,5.184581908351707,3.9709450271547206,6.425623263340265,0.8942947387695312,0.7747106552124023,0.9374368190765381
L,3,random,51200,10,10,0.0,0.0,0.0,4.816622584310151,3.999743100719451,6.456090018389454,0.871391773223877,0.7558135986328125,0.9580447673797607
L,3,random,102400,10,10,0.0,0.0,0.0,4.866307001662777,4.0536487483610015,5.98915805440601,0.908257007598877,0.8003523349761963,0.9503610134124756
L,4,annealing,50,100,10,0.0,0.0,0.0,3.8125967163657797,2.7849128953152507,5.068591346776821,0.9303216934204102,0.8228437900543213,0.9813370704650879
L,4,annealing,100,100,10,0.001,0.0,0.005,3.257508405189113,2.2325356698154586,4.605554281166414,0.9757299423217773,0.9153671264648438,0.9943718910217285
L,4,annealing,200,100,10,0.012,0.004,0.022,2.3340210438941473,1.5183967208923992,3.5479079237466062,0.9958791732788086,0.9797577857971191,0.9993495941162109
L,4,annealing,400,100,10,0.067,0.038,0.099,1.4055146806212764,0.8086953505172265,2.3443982472937184,0.9996609687805176,0.9978733062744141,0.9999628067016602
L,4,annealing,800,100,10,0.202,0.146,0.26,0.8152089916215107,0.19941083551956076,1.341201707710047,0.9999675750732422,0.9997761249542236,0.9999990463256836
L,4,annealing,1600,100,10,0.317,0.256,0.382,0.5041987207258686,0.0,1.0134333327668563,0.999995231628418,0.9999492168426514,1.0
L,4,annealing,3200,100,10,0.404,0.339,0.473,0.19505129932554802,0.0,0.6820402447239374,0.9999990463256836,0.9999847412109375,1.0
L,4,annealing,6400,100,10,0.548,0.484,0.614,0.0,0.0,0.4368855248118568,1.0,0.9999971389770508,1.0
L,4,annealing,12800,100,10,0.672,0.61,0.734,0.0,0.0,0.18621696760050738,1.0,0.9999990463256836,1.0
L,4,annealing,25600,100,10,0.799,0.743,0.851,0.0,0.0,0.0,1.0,1.0,1.0
L,4,annealing,51200,100,10,0.889,0.845,0.931,0.0,0.0,0.0,1.0,1.0,1.0
L,4,annealing,102400,100,10,0.939,0.905,0.969,0.0,0.0,0.0,1.0,1.0,1.0
L,4,quadruplet,50,100,10,0.003,0.0,0.009,2.474243221657866,1.8284833335811148,3.3815625452240097,0.9943490028381348,0.9840757846832275,0.998417854309082
L,4,quadruplet,100,100,10,0.009,0.002,0.019,2.070196304284785,1.4460632820017996,2.7979279613467796,0.9980192184448242,0.9932365417480469,0.9995565414428711
L,4,quadruplet,200,100,10,0.037,0.018,0.058,1.565294603420293,1.0259762550027385,2.2921076397697844,0.9994659423828125,0.997389554977417,0.9999210834503174
L,4,quadruplet,400,100,10,0.102,0.064,0.142,1.1972908115102165,0.6731721781348823,1.7876222463952214,0.9998254776000977,0.9988553524017334,0.9999876022338867
L,4,quadruplet,800,100,10,0.179,0.125,0.233,0.8838578905274557,0.290523821449489,1.4109902655410465,0.9999532699584961,0.9994993209838867,0.9999990463256836
L,4,quadruplet,1600,100,10,0.274,0.206,0.341,0.6275813472473923,0.0,1.1961953413367195,0.9999818801879883,0.9997506141662598,1.0
L,4,quadruplet,3200,100,10,0.341,0.26,0.415,0.4725781562817253,0.0,1.1368092977902984,0.9999914169311523,0.9997982978820801,1.0
L,4,quadruplet,6400,100,10,0.375,0.291,0.455,0.3808523067690938,0.0,1.024744858427843,0.9999933242797852,0.999821662902832,1.0
L,4,quadruplet,12800,100,10,0.416,0.327,0.504,0.2874449718337571,0.0,0.954285081300723,0.9999971389770508,0.999866247177124,1.0
L,4,quadruplet,25600,100,10,0.431,0.338,0.522,0.2326745984085256,0.0,0.9295302009022377,0.9999990463256836,0.999847412109375,1.0
L,4,quadruplet,51200,100,10,0.45,0.354,0.539,0.15524158030876717,0.0,0.8549928886049483,0.9999990463256836,0.9999094009399414,1.0
L,4,quadruplet,102400,100,10,0.462,0.366,0.555,0.0749692844889162,0.0,0.8549928886049483,0.9999990463256836,0.9999094009399414,1.0
L,4,quintuplet,50,100,10,0.001,0.0,0.005,2.4472753826685416,1.8198172565202588,3.390054078715093,0.9947991371154785,0.9858932495117188,0.9982969760894775
L,4,quintuplet,100,100,10,0.006,0.001,0.013,1.979458832081351,1.380779948530252,2.7327514776863113,0.998504638671875,0.9948024749755859,0.9996380805969238
L,4,quintuplet,200,100,10,0.033,0.017,0.053,1.4583000118049427,0.997225125447958,2.107284111456055,0.9996390342712402,0.9986438751220703,0.9999265670776367
L,4,quintuplet,400,100,10,0.1,0.064,0.14,1.0486530874954925,0.5731791380528826,1.452742332865328,0.9999170303344727,0.9995260238647461,0.9999916553497314
L,4,quintuplet,800,100,10,0.183,0.136,0.236,0.6641166985214845,0.1972022525883006,1.0713213676823017,0.9999833106994629,0.9998750686645508,0.9999990463256836
L,4,quintuplet,1600,100,10,0.321,0.257,0.384,0.388706536018253,0.0,0.8508502080697977,0.9999961853027344,0.9999568462371826,1.0
L,4,quintuplet,3200,100,10,0.398,0.326,0.474,0.19130900943411028,0.0,0.6609647424302645,0.9999990463256836,0.9999732971191406,1.0
L,4,quintuplet,6400,100,10,0.483,0.403,0.565,0.021632851005811107,0.0,0.4882081313453315,0.9999990463256836,0.9999847412109375,1.0
L,4,quintuplet,12800,100,10,0.535,0.45,0.616,0.0,0.0,0.4657960866439941,1.0,0.9999847412109375,1.0
L,4,quintuplet,25600,100,10,0.565,0.477,0.65,0.0,0.0,0.35821327703470185,1.0,0.9999864101409912,1.0
L,4,quintuplet,51200,100,10,0.58,0.492,0.667,0.0,0.0,0.3315800360740827,1.0,0.9999885559082031,1.0
L,4,quintuplet,102400,100,10,0.605,0.519,0.688,0.0,0.0,0.29628336864543353,1.0,0.9999914169311523,1.0
L,4,random,50,10,10,0.0,0.0,0.0,4.045845226470581,2.222439601971291,5.761105082479203,0.9856152534484863,0.9760768413543701,0.9925117492675781
L,4,random,100,10,10,0.01,0.0,0.04,3.4177152729349762,1.96441811721061,4.903973694103401,0.9925546646118164,0.9871537685394287,0.9972915649414062
L,4,random,200,10,10,0.01,0.0,0.04,2.809660924324393,1.9249468179851112,4.629978229625712,0.9961023330688477,0.9913606643676758,0.9991233348846436
L,4,random,400,10,10,0.01,0.0,0.04,2.9220916976683977,1.9603288708526905,4.378344962454071,0.9972009658813477,0.99271559715271,0.9992702007293701
L,4,random,800,10,10,0.0,0.0,0.0,3.551645630979193,2.6801677161690756,4.982446429067395,0.9871039390563965,0.9101941585540771,0.9977827072143555
L,4,random,1600,10,10,0.0,0.0,0.0,4.768913889336467,3.268437488330144,6.440129381725494,0.9325766563415527,0.8073680400848389,0.9850549697875977
L,4,random,3200,10,10,0.0,0.0,0.0,4.749278897236625,3.341745833138989,7.506270888621756,0.8979473114013672,0.7681877613067627,0.97003173828125
L,4,random,6400,10,10,0.0,0.0,0.0,5.524806325900288,3.4174457236982723,8.12154054599332,0.8695874214172363,0.7731261253356934,0.9315805435180664
L,4,random,12800,10,10,0.0,0.0,0.0,4.979593357836357,3.240888099549688,8.4884263683573,0.8893613815307617,0.7864577770233154,0.9498825073242188
L,4,random,25600,10,10,0.0,0.0,0.0,5.201998686090658,3.255364938583654,7.961407682381533,0.895226001739502,0.8128170967102051,0.9571859836578369
L,4,random,51200,10,10,0.0,0.0,0.0,5.3412979625882295,3.4252461192428436,8.253444144497916,0.886141300201416,0.7940940856933594,0.9467971324920654
L,4,random,102400,10,10,0.0,0.0,0.0,5.4199650439303175,3.537094294737599,7.669739119266214,0.9191460609436035,0.766101598739624,0.9733610153198242
L,5,annealing,50,100,10,0.0,0.0,0.0,3.959027334311793,2.7838448632229738,5.408466422450062,0.9325056076049805,0.8387546539306641,0.982001543045044
L,5,annealing,100,100,10,0.0,0.0,0.0,3.3730572237973293,2.259002408380298,5.085022484389263,0.9686050415039062,0.904371976852417,0.9930853843688965
L,5,annealing,200,100,10,0.015,0.006,0.027,2.4682021399505922,1.4348424740236714,3.8892614886969925,0.9951696395874023,0.9768631458282471,0.9994397163391113
L,5,annealing,400,100,10,0.083,0.055,0.114,1.406882367735188,0.7754143350577857,2.4941282394974738,0.9996356964111328,0.9976191520690918,0.9999637603759766
L,5,annealing,800,100,10,0.21,0.155,0.27,0.7973022603875985,0.14618755042083004,1.4315787515144482,0.999964714050293,0.9997203350067139,0.9999980926513672
L,5,annealing,1600,100,10,0.354,0.287,0.427,0.4114577623327812,0.0,0.9194056738352153,0.999995231628418,0.9999508857727051,1.0
L,5,annealing,3200,100,10,0.47,0.403,0.543,0.06369606831675087,0.0,0.5435345654844592,0.9999990463256836,0.9999885559082031,1.0
L,5,annealing,6400,100,10,0.603,0.533,0.673,0.0,0.0,0.30990218921239604,1.0,0.9999978542327881,1.0
L,5,annealing,12800,100,10,0.706,0.645,0.765,0.0,0.0,0.0953550505809662,1.0,0.9999990463256836,1.0
L,5,annealing,25600,100,10,0.812,0.76,0.861,0.0,0.0,0.0,1.0,1.0,1.0
L,5,annealing,51200,100,10,0.925,0.89,0.955,0.0,0.0,0.0,1.0,1.0,1.0
L,5,annealing,102400,100,10,0.972,0.949,0.989,0.0,0.0,0.0,1.0,1.0,1.0
L,5,quadruplet,50,100,10,0.002,0.0,0.007,2.4519871707893044,1.8062751317236199,3.6143165834411923,0.9951176643371582,0.9860835075378418,0.9985189437866211
L,5,quadruplet,100,100,10,0.01,0.002,0.022,2.08314488625634,1.378387800023534,3.027647495186014,0.9979248046875,0.9923877716064453,0.9996414184570312
L,5,quadruplet,200,100,10,0.055,0.029,0.084,1.6094234270133632,1.006372572728718,2.256791792377025,0.9994502067565918,0.9973382949829102,0.9999287128448486
L,5,quadruplet,400,100,10,0.134,0.089,0.185,1.1577888460722114,0.5034226025609154,1.7652096149680265,0.999847412109375,0.9989883899688721,0.9999933242797852
L,5,quadruplet,800,100,10,0.214,0.156,0.275,0.810811147251741,0.09728498724941997,1.39115025898248,0.9999666213989258,0.9994831085205078,0.9999990463256836
L,5,quadruplet,1600,100,10,0.297,0.228,0.373,0.5128319708325156,0.0,1.2525175776204998,0.9999866485595703,0.999732494354248,1.0
L,5,quadruplet,3200,100,10,0.355,0.278,0.441,0.21100010771228622,0.0,1.0706393401800993,0.999995231628418,0.999823808670044,1.0
L,5,quadruplet,6400,100,10,0.397,0.315,0.486,0.13511716655012349,0.0,1.0087364014767837,0.9999961853027344,0.9998407363891602,1.0
L,5,quadruplet,12800,100,10,0.412,0.33,0.506,0.1290761484501864,0.0,0.9630085739489426,0.9999980926513672,0.9998903274536133,1.0
L,5,quadruplet,25600,100,10,0.439,0.354,0.534,0.09611419608299014,0.0,0.902266748297471,0.9999990463256836,0.9998960494995117,1.0
L,5,quadruplet,51200,100,10,0.451,0.362,0.547,0.091987875299944,0.0,0.8745730629516414,0.9999990463256836,0.9999227523803711,1.0
L,5,quadruplet,102400,100,10,0.47,0.379,0.567,0.06990451144345496,0.0,0.7408713478133672,0.9999990463256836,0.9999408721923828,1.0
L,5,quintuplet,50,100,10,0.004,0.0,0.011,2.4200176065168524,1.7965122583065491,3.7614182042782422,0.9947934150695801,0.9862449169158936,0.9983084201812744
L,5,quintuplet,100,100,10,0.006,0.001,0.013,1.9797219674217086,1.3977104641332962,3.026917941263818,0.9983782768249512,0.9946904182434082,0.9996118545532227
L,5,quintuplet,200,100,10,0.044,0.025,0.066,1.4402909357292706,0.9100005542513996,2.121473597097066,0.9996490478515625,0.9984817504882812,0.9999485015869141
L,5,quintuplet,400,100,10,0.124,0.086,0.163,0.9880076333942156,0.4779768164057421,1.5497249721217166,0.9999170303344727,0.9994885921478271,0.999995231628418
L,5,quintuplet,800,100,10,0.234,0.177,0.291,0.5852285006799952,0.06366094010227777,1.0459348874049417,0.9999828338623047,0.9998636245727539,0.9999990463256836
L,5,quintuplet,1600,100,10,0.336,0.269,0.406,0.3134776894128949,0.0,0.7878885911482248,0.9999961853027344,0.9999549388885498,1.0
L,5,quintuplet,3200,100,10,0.424,0.343,0.499,0.10542210160324528,0.0,0.5997847739265356,0.9999990463256836,0.99997878074646,1.0
L,5,quintuplet,6400,100,10,0.51,0.428,0.589,0.0,0.0,0.4179190792791205,1.0,0.9999885559082031,1.0
L,5,quintuplet,12800,100,10,0.527,0.441,0.609,0.0,0.0,0.3639276303822975,1.0,0.9999902248382568,1.0
L,5,quintuplet,25600,100,10,0.55,0.465,0.632,0.0,0.0,0.3289843642755117,1.0,0.999993085861206,1.0
L,5,quintuplet,51200,100,10,0.566,0.478,0.654,0.0,0.0,0.3289843642755117,1.0,0.9999914169311523,1.0
L,5,quintuplet,102400,100,10,0.581,0.489,0.669,0.0,0.0,0.32500662631671556,1.0,0.9999933242797852,1.0
L,5,random,50,10,10,0.0,0.0,0.0,2.416897572426602,1.7371717874295936,4.0441884252360625,0.9908571243286133,0.9757339954376221,0.995758056640625
L,5,random,100,10,10,0.0,0.0,0.0,1.9773221122955063,1.5134306292916588,3.536917767943675,0.9944257736206055,0.9884753227233887,0.9971144199371338
L,5,random,200,10,10,0.0,0.0,0.0,1.8416077357070428,1.5270840247591537,2.9702744192730686,0.9963040351867676,0.9923498630523682,0.9988491535186768
L,5,random,400,10,10,0.0,0.0,0.0,2.108989191182017,1.6550140497252148,3.128656271941957,0.9952549934387207,0.9894909858703613,0.9983351230621338
L,5,random,800,10,10,0.0,0.0,0.0,3.3202432132950666,2.313474937485136,4.266971223403889,0.9564447402954102,0.884495735168457,0.9922571182250977
L,5,random,1600,10,10,0.0,0.0,0.0,3.5622672413350394,2.7817873965599436,4.639543761071739,0.9013829231262207,0.7766873836517334,0.9624323844909668
L,5,random,3200,10,10,0.0,0.0,0.0,3.606480693324251,2.829982971230707,4.91610803487424,0.9029512405395508,0.7864441871643066,0.9549386501312256
L,5,random,6400,10,10,0.0,0.0,0.0,3.5370232173901073,2.912321117913967,4.484245343681721,0.9272222518920898,0.8051884174346924,0.9597170352935791
L,5,random,12800,10,10,0.0,0.0,0.0,3.6856881400991055,2.8752103703021463,4.963383900770054,0.8960185050964355,0.7706997394561768,0.9543707370758057
L,5,random,25600,10,10,0.0,0.0,0.0,3.6716372180015835,2.9793415201803652,4.7414484993559,0.8738441467285156,0.7904384136199951,0.9626109600067139
L,5,random,51200,10,10,0.0,0.0,0.0,3.629355755661931,2.9739759152142917,5.260370147358218,0.8991174697875977,0.8040025234222412,0.9651331901550293
L,5,random,102400,10,10,0.0,0.0,0.0,3.898853486153647,3.065186929841902,4.817829814916392,0.8582382202148438,0.7200510501861572,0.9582569599151611
W,1,annealing,50,100,10,0.005,0.0,0.012,4.1478067789217015,3.0899491173457125,5.087989824030529,0.9629154205322266,0.912109375,0.9913971424102783
W,1,annealing,100,100,10,0.005,0.0,0.013,3.7367949319753095,2.491196621316874,4.87768608679754,0.9846649169921875,0.9407958984375,0.99786376953125
W,1,annealing,200,100,10,0.038,0.022,0.057,3.2288294111823,2.1525529407882,4.352130565875495,0.9960594177246094,0.9749631881713867,0.9993934631347656
W,1,annealing,400,100,10,0.129,0.088,0.174,2.1760652829377465,1.179535649239178,3.3856589561212713,0.99945068359375,0.9954357147216797,0.9999713897705078
W,1,annealing,800,100,10,0.267,0.209,0.328,1.3415097860810192,0.0,2.2281939962329327,0.9999618530273438,0.9994773864746094,1.0
W,1,annealing,1600,100,10,0.45,0.38,0.519,0.9218029704835162,0.0,1.6245538642137904,0.9999990463256836,0.9999542236328125,1.0
W,1,annealing,3200,100,10,0.601,0.53,0.671,0.0,0.0,1.2455983106584367,1.0,0.9999980926513672,1.0
W,1,annealing,6400,100,10,0.726,0.66,0.794,0.0,0.0,0.8821923576881215,1.0,0.9999990463256836,1.0
W,1,annealing,12800,100,10,0.812,0.749,0.874,0.0,0.0,0.0,1.0,1.0,1.0
W,1,annealing,25600,100,10,0.862,0.805,0.919,0.0,0.0,0.0,1.0,1.0,1.0
W,1,annealing,51200,100,10,0.916,0.866,0.959,0.0,0.0,0.0,1.0,1.0,1.0
W,1,annealing,102400,100,10,0.934,0.888,0.973,0.0,0.0,0.0,1.0,1.0,1.0
W,1,quadruplet,50,100,10,0.025,0.01,0.042,2.491196621316873,1.7228220865861297,3.5124563196700924,0.9987649917602539,0.9953269958496094,0.9997329711914062
W,1,quadruplet,100,100,10,0.053,0.032,0.078,2.1525529407882,1.4426714154678923,3.029691599960125,0.9996623992919922,0.998016357421875,0.9999618530273438
W,1,quadruplet,200,100,10,0.106,0.074,0.142,1.6591227115686804,1.1399527998065544,2.418972627259054,0.9999303817749023,0.9991521835327148,0.9999942779541016
W,1,quadruplet,400,100,10,0.236,0.185,0.292,1.2455983106584372,0.6047431568147639,2.065591117977289,0.9999847412109375,0.9997127056121826,0.9999990463256836
W,1,quadruplet,800,100,10,0.353,0.288,0.419,1.1669199319831565,0.0,1.7228220865861297,0.9999980926513672,0.9997406005859375,1.0
W,1,quadruplet,1600,100,10,0.494,0.413,0.578,0.5393598899705938,0.0,1.7228220865861295,0.9999990463256836,0.9997329711914062,1.0
W,1,quadruplet,3200,100,10,0.547,0.459,0.638,0.0,0.0,1.7228220865861295,1.0,0.9998569488525391,1.0
W,1,quadruplet,6400,100,10,0.602,0.514,0.697,0.0,0.0,1.65912271156868,1.0,0.9997329711914062,1.0
W,1,quadruplet,12800,100,10,0.631,0.54,0.722,0.0,0.0,1.6308710126004022,1.0,0.9998869895935059,1.0
W,1,quadruplet,25600,100,10,0.641,0.544,0.735,0.0,0.0,1.6308710126004022,1.0,0.99969482421875,1.0
W,1,quadruplet,51200,100,10,0.649,0.553,0.746,0.0,0.0,1.6308710126004018,1.0,0.9997329711914062,1.0
W,1,quadruplet,102400,100,10,0.642,0.544,0.739,0.0,0.0,1.6308710126004022,1.0,0.99969482421875,1.0
W,1,quintuplet,50,100,10,0.027,0.013,0.044,2.359071298478355,1.7228220865861295,3.3872425210960415,0.9989356994628906,0.9960994720458984,0.9997711181640625
W,1,quintuplet,100,100,10,0.073,0.044,0.108,2.073163354853558,1.2609766499825612,2.683019572162038,0.9997329711914062,0.9987030029296875,0.9999656677246094
W,1,quintuplet,200,100,10,0.13,0.095,0.173,1.5449745586728567,1.0762764703940997,2.2281939962329322,0.9999542236328125,0.99969482421875,0.9999980926513672
W,1,quintuplet,400,100,10,0.301,0.243,0.362,1.1036363826574722,0.0,1.6245538642137904,0.9999980926513672,0.9999539852142334,1.0
W,1,quintuplet,800,100,10,0.456,0.391,0.521,0.8295613557843402,0.0,1.245598310658437,0.9999990463256836,0.9999847412109375,1.0
W,1,quintuplet,1600,100,10,0.643,0.568,0.707,0.0,0.0,1.1314029389819567,1.0,0.9999990463256836,1.0
W,1,quintuplet,3200,100,10,0.758,0.69,0.819,0.0,0.0,0.0,1.0,1.0,1.0
W,1,quintuplet,6400,100,10,0.833,0.771,0.888,0.0,0.0,0.0,1.0,1.0,1.0
W,1,quintuplet,12800,100,10,0.871,0.813,0.925,0.0,0.0,0.0,1.0,1.0,1.0
W,1,quintuplet,25600,100,10,0.894,0.838,0.943,0.0,0.0,0.0,1.0,1.0,1.0
W,1,quintuplet,51200,100,10,0.906,0.851,0.953,0.0,0.0,0.0,1.0,1.0,1.0
W,1,quintuplet,102400,100,10,0.913,0.859,0.959,0.0,0.0,0.0,1.0,1.0,1.0
W,1,random,50,10,10,0.0,0.0,0.0,3.7453167102761786,2.683019572162038,4.982393242633747,0.9940948486328125,0.9847488403320312,0.9986286163330078
W,1,random,100,10,10,0.0,0.0,0.0,3.047619047619048,2.1760652829377465,4.980344139835737,0.9981155395507812,0.9929866790771484,0.99945068359375
W,1,random,200,10,10,0.0,0.0,0.0,2.808987532707134,1.9510744347190159,4.463086569414301,0.9986286163330078,0.9975738525390625,0.99945068359375
W,1,random,400,10,10,0.02,0.0,0.07,2.9871153498487857,2.1760652829377465,4.598982900532735,0.9982223510742188,0.990990400314331,0.9996623992919922
W,1,random,800,10,10,0.03,0.0,0.09,4.024529358243057,2.7984551133964253,6.095238095238096,0.9847488403320312,0.9121780395507812,0.9990260601043701
W,1,random,1600,10,10,0.0,0.0,0.0,4.571428571428572,3.5777087639996634,6.258728000915617,0.9733200073242188,0.8941991329193115,0.9919586181640625
W,1,random,3200,10,10,0.0,0.0,0.0,4.724557329113056,3.9021488694380317,6.554304242983313,0.9578876495361328,0.8893747329711914,0.9854326248168945
W,1,random,6400,10,10,0.0,0.0,0.0,4.626537229636897,4.024529358243057,6.657231372437011,0.927001953125,0.8893747329711914,0.9846649169921875
W,1,random,12800,10,10,0.01,0.0,0.04,4.681645887845223,3.8950119014910283,6.554304242983313,0.9525794982910156,0.880859375,0.9854326248168945
W,1,random,25600,10,10,0.0,0.0,0.0,4.87768608679754,3.9939342360418006,7.193830424207176,0.9363079071044922,0.8893747329711914,0.9846649169921875
W,1,random,51200,10,10,0.0,0.0,0.0,4.929015113316638,4.024529358243057,6.657231372437011,0.927001953125,0.880859375,0.9846649169921875
W,1,random,102400,10,10,0.0,0.0,0.0,5.366039144324077,4.024529358243057,6.657231372437011,0.9121780395507812,0.8770675659179688,0.9846649169921875
W,2,annealing,50,100,10,0.0,0.0,0.0,4.032393299125636,2.8647230895284608,5.555434566602807,0.9280462265014648,0.8152408599853516,0.9809484481811523
W,2,annealing,100,100,10,0.004,0.0,0.01,3.6230671334547377,2.4307372937053846,5.047816201167604,0.9665608406066895,0.9055252075195312,0.9923114776611328
W,2,annealing,200,100,10,0.028,0.014,0.044,2.541571252063166,1.5659806662342057,4.059153308151071,0.9941139221191406,0.9696927070617676,0.9993190765380859
W,2,annealing,400,100,10,0.14,0.1,0.184,1.3940458884206102,0.6442028734954208,2.4021754138793163,0.9997377395629883,0.9977626800537109,0.9999904632568359
W,2,annealing,800,100,10,0.362,0.293,0.431,0.6919585951447695,0.0,1.3798258184903365,0.9999904632568359,0.999793529510498,1.0
W,2,annealing,1600,100,10,0.519,0.449,0.586,0.0,0.0,0.7866837240336598,1.0,0.9999847412109375,1.0
W,2,annealing,3200,100,10,0.64,0.57,0.708,0.0,0.0,0.5182961797502887,1.0,0.999995231628418,1.0
W,2,annealing,6400,100,10,0.746,0.686,0.804,0.0,0.0,0.0047770572071306645,1.0,0.9999990463256836,1.0
W,2,annealing,12800,100,10,0.824,0.771,0.876,0.0,0.0,0.0,1.0,1.0,1.0
W,2,annealing,25600,100,10,0.898,0.855,0.94,0.0,0.0,0.0,1.0,1.0,1.0
W,2,annealing,51200,100,10,0.957,0.928,0.981,0.0,0.0,0.0,1.0,1.0,1.0
W,2,annealing,102400,100,10,0.982,0.959,0.997,0.0,0.0,0.0,1.0,1.0,1.0
W,2,quadruplet,50,100,10,0.008,0.001,0.018,2.38023728505369,1.7416730072525435,3.5920789508000137,0.9964227676391602,0.9889435768127441,0.9990453720092773
W,2,quadruplet,100,100,10,0.026,0.013,0.042,2.0853534622670855,1.336715411698487,2.895681869252442,0.998776912689209,0.9949629306793213,0.9998447895050049
W,2,quadruplet,200,100,10,0.067,0.041,0.098,1.5319492498644947,0.9061614509608108,2.251254629388803,0.9997396469116211,0.9980237483978271,0.999974250793457
W,2,quadruplet,400,100,10,0.176,0.13,0.226,1.0489704389480394,0.5262757297312342,1.7097492002204302,0.9999494552612305,0.9992132186889648,0.9999990463256836
W,2,quadruplet,800,100,10,0.282,0.222,0.348,0.7558463966030841,0.0,1.2898421582780175,0.9999909400939941,0.9997739791870117,1.0
W,2,quadruplet,1600,100,10,0.406,0.332,0.49,0.35984044004333393,0.0,1.085416574869802,0.9999971389770508,0.999870777130127,1.0
W,2,quadruplet,3200,100,10,0.48,0.397,0.571,0.078968168950564,0.0,0.9954409996074074,0.9999990463256836,0.999920129776001,1.0
W,2,quadruplet,6400,100,10,0.532,0.448,0.619,0.0,0.0,0.8910742968656615,1.0,0.9999394416809082,1.0
W,2,quadruplet,12800,100,10,0.567,0.481,0.658,0.0,0.0,0.8532699093467261,1.0,0.9999551773071289,1.0
W,2,quadruplet,25600,100,10,0.594,0.504,0.682,0.0,0.0,0.8087176551011342,1.0,0.9999551773071289,1.0
W,2,quadruplet,51200,100,10,0.596,0.505,0.688,0.0,0.0,0.7087969559670656,1.0,0.99996018409729,1.0
W,2,quadruplet,102400,100,10,0.606,0.516,0.699,0.0,0.0,0.7087969559670656,1.0,0.99996018409729,1.0
W,2,quintuplet,50,100,10,0.007,0.0,0.017,2.3670930001198447,1.7530962317818373,3.7287979436740697,0.9961957931518555,0.9886131286621094,0.9989633560180664
W,2,quintuplet,100,100,10,0.023,0.008,0.041,2.0133829607652767,1.3006672073749532,2.9256791528249098,0.9988527297973633,0.9956636428833008,0.9998009204864502
W,2,quintuplet,200,100,10,0.067,0.039,0.101,1.4564079552860838,0.900280542817656,2.195242833373708,0.9997739791870117,0.9988794326782227,0.9999618530273438
W,2,quintuplet,400,100,10,0.153,0.113,0.198,0.9919565388370247,0.5235377461766683,1.5362233029010772,0.9999532699584961,0.9997396469116211,0.9999971389770508
W,2,quintuplet,800,100,10,0.302,0.241,0.366,0.609599928871656,0.0,1.02278249323665,0.9999942779541016,0.9999265670776367,1.0
W,2,quintuplet,1600,100,10,0.446,0.368,0.526,0.12592982978803055,0.0,0.7679904927539352,0.9999990463256836,0.9999732971191406,1.0
W,2,quintuplet,3200,100,10,0.577,0.497,0.658,0.0,0.0,0.46784424781158507,1.0,0.9999923706054688,1.0
W,2,quintuplet,6400,100,10,0.659,0.578,0.735,0.0,0.0,0.19852370696404764,1.0,0.9999949932098389,1.0
W,2,quintuplet,12800,100,10,0.714,0.637,0.788,0.0,0.0,0.09879074918591735,1.0,0.9999990463256836,1.0
W,2,quintuplet,25600,100,10,0.737,0.657,0.811,0.0,0.0,0.007767293774133524,1.0,0.9999990463256836,1.0
W,2,quintuplet,51200,100,10,0.757,0.681,0.832,0.0,0.0,0.0,1.0,1.0,1.0
W,2,quintuplet,102400,100,10,0.781,0.705,0.855,0.0,0.0,0.0,1.0,1.0,1.0
W,2,random,50,10,10,0.0,0.0,0.0,2.8305131121272304,2.303755668900923,3.770138291816664,0.9924802780151367,0.981928825378418,0.9964313507080078
W,2,random,100,10,10,0.02,0.0,0.06,2.602373588111633,2.126932936225563,3.695854752653591,0.9943046569824219,0.9879693984985352,0.9975042343139648
W,2,random,200,10,10,0.02,0.0,0.06,2.3655422887024207,2.029422116583633,3.400806722498088,0.9964313507080078,0.9923419952392578,0.9989168643951416
W,2,random,400,10,10,0.01,0.0,0.04,2.6168761183839013,2.159124574119354,3.5858737013604585,0.995537281036377,0.9853911399841309,0.9989168643951416
W,2,random,800,10,10,0.01,0.0,0.04,3.203435008049484,2.3480257829317033,4.956365057148545,0.9816064834594727,0.9328043460845947,0.9974348545074463
W,2,random,1600,10,10,0.0,0.0,0.0,3.89234697163346,3.1139044915491803,5.348688919311334,0.9349822998046875,0.8475580215454102,0.9856548309326172
W,2,random,3200,10,10,0.0,0.0,0.0,4.1764276899399295,3.491117042290738,5.5292711619916,0.8968143463134766,0.7686340808868408,0.9619569778442383
W,2,random,6400,10,10,0.0,0.0,0.0,4.189451843418162,3.491117042290738,5.546044783721023,0.9037008285522461,0.7966761589050293,0.9650068283081055
W,2,random,12800,10,10,0.0,0.0,0.0,4.2508481593377,3.4022187037045035,5.789033027043571,0.8968143463134766,0.7987852096557617,0.9549560546875
W,2,random,25600,10,10,0.0,0.0,0.0,4.273420208841665,3.501476437333907,5.549858341301462,0.9130663871765137,0.8296899795532227,0.9484715461730957
W,2,random,51200,10,10,0.0,0.0,0.0,4.41089805393756,3.396459017714701,5.549858341301462,0.8953218460083008,0.8041691780090332,0.9655911922454834
W,2,random,102400,10,10,0.0,0.0,0.0,4.196850180481216,3.491117042290738,6.017149398257597,0.9037008285522461,0.8080055713653564,0.9593462944030762
W,3,annealing,50,100,10,0.0,0.0,0.0,3.873673327987493,2.745782336364446,5.365662589059417,0.9244537353515625,0.8196196556091309,0.9767072200775146
W,3,annealing,100,100,10,0.001,0.0,0.005,3.3538880357096277,2.2349923719525635,4.9391787285598445,0.9682402610778809,0.8909661769866943,0.9927701950073242
W,3,annealing,200,100,10,0.032,0.016,0.051,2.2713109642292983,1.3909047857714563,3.7188560989804778,0.9959421157836914,0.9777042865753174,0.9994392395019531
W,3,annealing,400,100,10,0.189,0.134,0.249,1.0517123206150596,0.35553168322935313,1.987228961261558,0.9998693466186523,0.9984827041625977,0.9999961853027344
W,3,annealing,800,100,10,0.359,0.283,0.439,0.46675872326666373,0.0,1.1316355738580575,0.9999904632568359,0.9998197555541992,1.0
W,3,annealing,1600,100,10,0.479,0.41,0.555,0.08201962307139393,0.0,0.7278942823842859,0.9999990463256836,0.9999685287475586,1.0
W,3,annealing,3200,100,10,0.598,0.532,0.664,0.0,0.0,0.3425309905360709,1.0,0.9999942779541016,1.0
W,3,annealing,6400,100,10,0.716,0.657,0.774,0.0,0.0,0.10316169457342134,1.0,0.9999990463256836,1.0
W,3,annealing,12800,100,10,0.797,0.742,0.851,0.0,0.0,0.0,1.0,1.0,1.0
W,3,annealing,25600,100,10,0.894,0.852,0.933,0.0,0.0,0.0,1.0,1.0,1.0
W,3,annealing,51200,100,10,0.939,0.905,0.967,0.0,0.0,0.0,1.0,1.0,1.0
W,3,annealing,102400,100,10,0.977,0.957,0.992,0.0,0.0,0.0,1.0,1.0,1.0
W,3,quadruplet,50,100,10,0.003,0.0,0.009,2.3684399648540007,1.6647825544083843,3.565959408274132,0.9954385757446289,0.9870035648345947,0.998814582824707
W,3,quadruplet,100,100,10,0.014,0.005,0.026,2.073622840998847,1.4167147827749034,2.8691736206397307,0.9979195594787598,0.9927709102630615,0.9996538162231445
W,3,quadruplet,200,100,10,0.042,0.023,0.063,1.626444620634517,0.9941663669496956,2.346757617543429,0.9994144439697266,0.9969956874847412,0.9999475479125977
W,3,quadruplet,400,100,10,0.121,0.085,0.161,1.1593034496911394,0.6209408642074457,1.8136752274287056,0.9998621940612793,0.9988422393798828,0.9999942779541016
W,3,quadruplet,800,100,10,0.234,0.175,0.296,0.8110741203692116,0.09659682912141265,1.3148995113545365,0.9999685287475586,0.9995110034942627,0.9999990463256836
W,3,quadruplet,1600,100,10,0.345,0.272,0.422,0.5246982288407825,0.0,1.113785578581274,0.9999933242797852,0.9997005462646484,1.0
W,3,quadruplet,3200,100,10,0.421,0.338,0.507,0.2504431187461096,0.0,0.9971464940210392,0.9999961853027344,0.9997622966766357,1.0
W,3,quadruplet,6400,100,10,0.483,0.397,0.571,0.06572433067344562,0.0,0.901615729905714,0.9999990463256836,0.9998431205749512,1.0
W,3,quadruplet,12800,100,10,0.503,0.412,0.591,0.0,0.0,0.9459333335064756,1.0,0.9998111724853516,1.0
W,3,quadruplet,25600,100,10,0.523,0.43,0.614,0.0,0.0,0.901615729905714,1.0,0.9998621940612793,1.0
W,3,quadruplet,51200,100,10,0.531,0.434,0.622,0.0,0.0,0.901615729905714,1.0,0.9998111724853516,1.0
W,3,quadruplet,102400,100,10,0.543,0.447,0.636,0.0,0.0,0.901615729905714,1.0,0.9998836517333984,1.0
W,3,quintuplet,50,100,10,0.001,0.0,0.004,2.3470712143031713,1.6546523337047776,3.6886695021106246,0.9951105117797852,0.9875824451446533,0.9984910488128662
W,3,quintuplet,100,100,10,0.008,0.002,0.017,2.003913042285297,1.3780511275908025,2.887570757926562,0.9981465339660645,0.9950487613677979,0.9996516704559326
W,3,quintuplet,200,100,10,0.027,0.014,0.042,1.517856988534666,1.018882141016551,2.263057644065334,0.9995651245117188,0.9982345104217529,0.9999299049377441
W,3,quintuplet,400,100,10,0.095,0.067,0.126,1.0528500726313494,0.6258375458272675,1.5640856320224583,0.9999070167541504,0.999439001083374,0.9999923706054688
W,3,quintuplet,800,100,10,0.243,0.19,0.297,0.6518775477314107,0.02737258051892771,1.0707611537203743,0.9999871253967285,0.9998607635498047,0.9999990463256836
W,3,quintuplet,1600,100,10,0.384,0.314,0.454,0.3024804850719551,0.0,0.7936512477300953,0.9999971389770508,0.9999368190765381,1.0
W,3,quintuplet,3200,100,10,0.519,0.437,0.596,0.0,0.0,0.5347343416626853,1.0,0.9999837875366211,1.0
W,3,quintuplet,6400,100,10,0.582,0.502,0.657,0.0,0.0,0.39502809057568194,1.0,0.9999914169311523,1.0
W,3,quintuplet,12800,100,10,0.643,0.568,0.719,0.0,0.0,0.20584430097411036,1.0,0.9999942779541016,1.0
W,3,quintuplet,25600,100,10,0.659,0.58,0.74,0.0,0.0,0.18368624245983542,1.0,0.9999971389770508,1.0
W,3,quintuplet,51200,100,10,0.68,0.597,0.76,0.0,0.0,0.14441202872497608,1.0,0.9999980926513672,1.0
W,3,quintuplet,102400,100,10,0.683,0.598,0.765,0.0,0.0,0.11741652278281382,1.0,0.9999980926513672,1.0
W,3,random,50,10,10,0.0,0.0,0.0,2.696528623124653,1.9038351916857088,4.660976342307841,0.9860868453979492,0.9776074886322021,0.9950535297393799
W,3,random,100,10,10,0.0,0.0,0.0,2.5210277596605715,1.641706666810271,4.594298988224013,0.9938616752624512,0.9848554134368896,0.9969027042388916
W,3,random,200,10,10,0.0,0.0,0.0,2.399168258773071,1.3977555181104082,4.450969125833952,0.9963274002075195,0.9910812377929688,0.998586893081665
W,3,random,400,10,10,0.0,0.0,0.0,2.724426970182548,1.7713397682793846,4.286418129641986,0.994330883026123,0.9820671081542969,0.9983351230621338
W,3,random,800,10,10,0.0,0.0,0.0,3.1181879057590463,2.116764430761428,5.301148835130623,0.9763245582580566,0.9175710678100586,0.9949603080749512
W,3,random,1600,10,10,0.0,0.0,0.0,3.721480348698107,2.5095856302265784,5.864121660459005,0.9547557830810547,0.8675377368927002,0.9888136386871338
W,3,random,3200,10,10,0.0,0.0,0.0,4.053745205487878,2.9627034286792653,5.8907714282769374,0.9202852249145508,0.8048830032348633,0.9681577682495117
W,3,random,6400,10,10,0.0,0.0,0.0,3.7815416394908583,2.938482635652785,6.477499706959605,0.8780975341796875,0.7808876037597656,0.9486002922058105
W,3,random,12800,10,10,0.0,0.0,0.0,3.988451368920045,2.5907622444239244,6.365567564616663,0.9066438674926758,0.7951052188873291,0.9558250904083252
W,3,random,25600,10,10,0.0,0.0,0.0,4.003410054756516,2.6390512572060216,6.410249793481755,0.9034147262573242,0.8074655532836914,0.9677515029907227
W,3,random,51200,10,10,0.0,0.0,0.0,3.9185729912884026,2.912034606040009,6.586726478840954,0.8539199829101562,0.7978334426879883,0.9421572685241699
W,3,random,102400,10,10,0.0,0.0,0.0,4.007950130672314,2.9073910089898027,6.494656084552344,0.8670516014099121,0.7559950351715088,0.9363715648651123
W,4,annealing,50,100,10,0.0,0.0,0.0,3.4735882137694123,2.510703504264547,4.597366679401105,0.9281177520751953,0.7938365936279297,0.9760029315948486
W,4,annealing,100,100,10,0.0,0.0,0.0,2.9145629862076787,2.023689120515996,4.04102931019468,0.9729695320129395,0.9079599380493164,0.9936637878417969
W,4,annealing,200,100,10,0.025,0.012,0.04,1.9582333612493095,1.1550841740624191,2.957274841570106,0.9967360496520996,0.9830996990203857,0.9995942115783691
W,4,annealing,400,100,10,0.129,0.091,0.172,1.0150147302161245,0.4234853391164477,1.7615179266700896,0.999819278717041,0.9984397888183594,0.9999830722808838
W,4,annealing,800,100,10,0.273,0.217,0.335,0.4597517520568059,0.0,1.006326776977733,0.9999799728393555,0.9998531341552734,1.0
W,4,annealing,1600,100,10,0.424,0.36,0.493,0.11426793786664673,0.0,0.57992437105456,0.9999980926513672,0.9999775886535645,1.0
W,4,annealing,3200,100,10,0.535,0.469,0.6,0.0,0.0,0.35281754127487946,1.0,0.9999942779541016,1.0
W,4,annealing,6400,100,10,0.713,0.656,0.767,0.0,0.0,0.02797792025812776,1.0,0.9999990463256836,1.0
W,4,annealing,12800,100,10,0.809,0.757,0.857,0.0,0.0,0.0,1.0,1.0,1.0
W,4,annealing,25600,100,10,0.9,0.863,0.933,0.0,0.0,0.0,1.0,1.0,1.0
W,4,annealing,51200,100,10,0.953,0.925,0.976,0.0,0.0,0.0,1.0,1.0,1.0
W,4,annealing,102400,100,10,0.977,0.954,0.993,0.0,0.0,0.0,1.0,1.0,1.0
W,4,quadruplet,50,100,10,0.001,0.0,0.004,2.201669354085874,1.6483840721427612,3.0434149434063125,0.9931392669677734,0.9827110767364502,0.9979920387268066
W,4,quadruplet,100,100,10,0.006,0.0,0.017,1.8967835242408495,1.3643551910867373,2.626401595959991,0.9970784187316895,0.9907865524291992,0.9993391036987305
W,4,quadruplet,200,100,10,0.03,0.013,0.05,1.5371046454334873,1.0453379593693857,2.1921639925581573,0.9986844062805176,0.9951362609863281,0.9998378753662109
W,4,quadruplet,400,100,10,0.073,0.044,0.106,1.1450773356176662,0.7520703288695246,1.725913416193319,0.9996647834777832,0.9980137348175049,0.9999723434448242
W,4,quadruplet,800,100,10,0.151,0.104,0.204,0.9124314845654293,0.3879643113249349,1.3735371509328722,0.9998879432678223,0.9990313053131104,0.9999961853027344
W,4,quadruplet,1600,100,10,0.241,0.175,0.313,0.5580518191635605,0.002526615814182717,1.1450672244717794,0.999969482421875,0.9995574951171875,0.9999990463256836
W,4,quadruplet,3200,100,10,0.297,0.225,0.376,0.45400755621540567,0.0,0.9107379213145683,0.9999837875366211,0.9998018741607666,1.0
W,4,quadruplet,6400,100,10,0.348,0.27,0.432,0.26613830448685183,0.0,0.8201493947446634,0.9999942779541016,0.9998443126678467,1.0
W,4,quadruplet,12800,100,10,0.386,0.309,0.474,0.156945406709779,0.0,0.6896516466636655,0.9999971389770508,0.9999046325683594,1.0
W,4,quadruplet,25600,100,10,0.417,0.335,0.505,0.11545991903798983,0.0,0.6740902088878172,0.9999980926513672,0.9999046325683594,1.0
W,4,quadruplet,51200,100,10,0.414,0.334,0.503,0.12396938506919364,0.0,0.655768245809333,0.9999980926513672,0.9999322891235352,1.0
W,4,quadruplet,102400,100,10,0.406,0.323,0.496,0.12586506856844745,0.0,0.6699859210080148,0.9999980926513672,0.9999246597290039,1.0
W,4,quintuplet,50,100,10,0.0,0.0,0.0,2.1214627584444123,1.6002526870438885,3.08259052070167,0.9937310218811035,0.9858593940734863,0.9980287551879883
W,4,quintuplet,100,100,10,0.003,0.0,0.009,1.8220146342727699,1.3027182603193388,2.4353348800226176,0.9975318908691406,0.9932563304901123,0.9993999004364014
W,4,quintuplet,200,100,10,0.02,0.008,0.035,1.4485525328968076,0.9900844732269605,1.984518039797143,0.9991989135742188,0.9972238540649414,0.9998483657836914
W,4,quintuplet,400,100,10,0.064,0.04,0.093,1.0367138709887787,0.6595625390045419,1.5185364459472563,0.9997997283935547,0.9991345405578613,0.9999732971191406
W,4,quintuplet,800,100,10,0.158,0.113,0.205,0.733106381777663,0.2766883414263482,1.0939513751270304,0.9999494552612305,0.9997191429138184,0.9999961853027344
W,4,quintuplet,1600,100,10,0.284,0.222,0.349,0.431917554546441,0.0,0.801361054077803,0.9999904632568359,0.9999146461486816,1.0
W,4,quintuplet,3200,100,10,0.386,0.313,0.46,0.14353058003923044,0.0,0.529262713195772,0.9999980926513672,0.9999685287475586,1.0
W,4,quintuplet,6400,100,10,0.459,0.377,0.538,0.03979643625593965,0.0,0.4204695755943917,0.9999990463256836,0.9999828338623047,1.0
W,4,quintuplet,12800,100,10,0.518,0.435,0.602,0.0,0.0,0.3310178601311805,1.0,0.9999876022338867,1.0
W,4,quintuplet,25600,100,10,0.561,0.475,0.645,0.0,0.0,0.26613830448685183,1.0,0.9999904632568359,1.0
W,4,quintuplet,51200,100,10,0.582,0.493,0.668,0.0,0.0,0.23791803636080264,1.0,0.9999904632568359,1.0
W,4,quintuplet,102400,100,10,0.601,0.509,0.688,0.0,0.0,0.20012402621327566,1.0,0.9999914169311523,1.0
W,4,random,50,10,10,0.0,0.0,0.0,2.770679685803617,2.1866442369901855,3.556507481938844,0.9882378578186035,0.9743242263793945,0.9943282604217529
W,4,random,100,10,10,0.0,0.0,0.0,2.391734599758228,2.028497844630524,3.28224563950927,0.9925327301025391,0.9858932495117188,0.997011661529541
W,4,random,200,10,10,0.0,0.0,0.0,2.3117178605284594,1.884239874433741,3.0533397174499606,0.9964818954467773,0.9903419017791748,0.9981486797332764
W,4,random,400,10,10,0.0,0.0,0.0,2.679304012157792,2.1397396813569878,3.2417175276682535,0.9918060302734375,0.9703190326690674,0.9979636669158936
W,4,random,800,10,10,0.0,0.0,0.0,3.284001912296465,2.6317313671595004,4.656307217248755,0.9440302848815918,0.8225641250610352,0.9903373718261719
W,4,random,1600,10,10,0.0,0.0,0.0,3.637500552006678,2.8526694455463946,4.587072521277909,0.927454948425293,0.8546333312988281,0.9816250801086426
W,4,random,3200,10,10,0.0,0.0,0.0,4.243130999645249,3.2428944914555915,5.164470047670267,0.896458625793457,0.7798984050750732,0.9554121494293213
W,4,random,6400,10,10,0.0,0.0,0.0,3.949375123095865,3.231164616910329,4.983046248614615,0.9011225700378418,0.8040859699249268,0.953845739364624
W,4,random,12800,10,10,0.0,0.0,0.0,3.9640110925970884,3.170980220446461,4.754205237506455,0.9057607650756836,0.8202061653137207,0.9575998783111572
W,4,random,25600,10,10,0.0,0.0,0.0,4.076247708404235,3.4186257117647156,5.184596557998578,0.8710403442382812,0.7231788635253906,0.9398565292358398
W,4,random,51200,10,10,0.0,0.0,0.0,4.408636516821643,3.394554049500549,5.035139746483607,0.8574981689453125,0.75238037109375,0.9331400394439697
W,4,random,102400,10,10,0.0,0.0,0.0,4.060000342538707,3.286762640341359,4.740915144968718,0.898127555847168,0.8216471672058105,0.9574980735778809
W,5,annealing,50,100,10,0.0,0.0,0.0,3.388340102586559,2.4689653542603462,4.863408944410809,0.9112086296081543,0.799290657043457,0.9731497764587402
W,5,annealing,100,100,10,0.0,0.0,0.0,2.798540129492972,1.897556250176406,4.345922257411555,0.9705038070678711,0.901512622833252,0.9930858612060547
W,5,annealing,200,100,10,0.022,0.01,0.037,1.8954844814894503,1.0639685906578067,3.0974681465556415,0.9963479042053223,0.9796388149261475,0.9995872974395752
W,5,annealing,400,100,10,0.136,0.095,0.181,0.8148668580529407,0.33293667331988797,1.6562697286056614,0.9998793601989746,0.9990565776824951,0.9999933242797852
W,5,annealing,800,100,10,0.344,0.271,0.417,0.29731336884108367,0.0,0.7102673557383675,0.9999933242797852,0.9999246597290039,1.0
W,5,annealing,1600,100,10,0.505,0.435,0.578,0.0,0.0,0.3925161050113873,1.0,0.9999885559082031,1.0
W,5,annealing,3200,100,10,0.609,0.538,0.675,0.0,0.0,0.1795588541729253,1.0,0.9999969005584717,1.0
W,5,annealing,6400,100,10,0.717,0.653,0.776,0.0,0.0,0.03561832196671719,1.0,0.9999990463256836,1.0
W,5,annealing,12800,100,10,0.829,0.778,0.876,0.0,0.0,0.0,1.0,1.0,1.0
W,5,annealing,25600,100,10,0.944,0.913,0.969,0.0,0.0,0.0,1.0,1.0,1.0
W,5,annealing,51200,100,10,0.97,0.949,0.988,0.0,0.0,0.0,1.0,1.0,1.0
W,5,annealing,102400,100,10,0.997,0.99,1.0,0.0,0.0,0.0,1.0,1.0,1.0
W,5,quadruplet,50,100,10,0.001,0.0,0.005,2.171475533612012,1.515196340799586,3.1006923821853887,0.9935297966003418,0.9835875034332275,0.9981918334960938
W,5,quadruplet,100,100,10,0.003,0.0,0.009,1.817821997135618,1.246276067157858,2.5838641456538216,0.9972691535949707,0.9903974533081055,0.9994258880615234
W,5,quadruplet,200,100,10,0.036,0.018,0.058,1.3668327064521126,0.8697660207960282,2.020958004550712,0.9992437362670898,0.9963302612304688,0.9998998641967773
W,5,quadruplet,400,100,10,0.089,0.057,0.127,1.0033836531694376,0.5450412972420766,1.5714064806043728,0.9997382164001465,0.998344898223877,0.9999885559082031
W,5,quadruplet,800,100,10,0.165,0.114,0.221,0.7112441454572105,0.2369739480309818,1.2374617856197156,0.9999237060546875,0.9992704391479492,0.9999980926513672
W,5,quadruplet,1600,100,10,0.246,0.182,0.319,0.4987144852886055,0.00552322955615314,1.0265842613911635,0.9999799728393555,0.9996280670166016,0.9999990463256836
W,5,quadruplet,3200,100,10,0.294,0.224,0.371,0.37565259702540243,0.0,0.8805439630500956,0.9999923706054688,0.9997596740722656,1.0
W,5,quadruplet,6400,100,10,0.336,0.258,0.422,0.2460044636859734,0.0,0.840023290775382,0.999995231628418,0.9998025894165039,1.0
W,5,quadruplet,12800,100,10,0.369,0.284,0.459,0.22198648088590156,0.0,0.8042716529783162,0.999995231628418,0.9998831748962402,1.0
W,5,quadruplet,25600,100,10,0.385,0.297,0.48,0.16457979042057327,0.0,0.798786428071435,0.9999957084655762,0.9998941421508789,1.0
W,5,quadruplet,51200,100,10,0.389,0.301,0.483,0.11313931349048358,0.0,0.7755359807418263,0.9999961853027344,0.9998979568481445,1.0
W,5,quadruplet,102400,100,10,0.398,0.308,0.496,0.11313931349048358,0.0,0.7454138929655054,0.9999961853027344,0.9999089241027832,1.0
W,5,quintuplet,50,100,10,0.0,0.0,0.0,2.0833446178745767,1.5134275508863098,3.091427419680712,0.9935469627380371,0.9845104217529297,0.9980688095092773
W,5,quintuplet,100,100,10,0.0,0.0,0.0,1.7838911160308561,1.1908595481393478,2.5607454566808947,0.9977898597717285,0.99310302734375,0.999356746673584
W,5,quintuplet,200,100,10,0.023,0.011,0.038,1.3341299814442373,0.898279540428611,1.9736934361251333,0.999335765838623,0.997330904006958,0.9998657703399658
W,5,quintuplet,400,100,10,0.074,0.046,0.107,0.9147736153868692,0.5319952327154378,1.3614947081931401,0.9998369216918945,0.9992482662200928,0.9999818801879883
W,5,quintuplet,800,100,10,0.142,0.099,0.187,0.5986380280158796,0.25421378936447675,0.9865079088709185,0.9999608993530273,0.9997756481170654,0.9999973773956299
W,5,quintuplet,1600,100,10,0.253,0.191,0.317,0.375159160532719,0.0,0.7454958806803424,0.9999904632568359,0.9998891353607178,1.0
W,5,quintuplet,3200,100,10,0.332,0.264,0.401,0.2155310324334399,0.0,0.589267799101495,0.9999961853027344,0.9999504089355469,1.0
W,5,quintuplet,6400,100,10,0.395,0.317,0.468,0.10441814866526906,0.0,0.4347204125136697,0.9999985694885254,0.9999656677246094,1.0
W,5,quintuplet,12800,100,10,0.441,0.358,0.518,0.0450372432242524,0.0,0.4056889073990023,0.9999990463256836,0.9999723434448242,1.0
W,5,quintuplet,25600,100,10,0.471,0.383,0.553,0.02720471575316848,0.0,0.3871788179024355,0.9999990463256836,0.9999752044677734,1.0
W,5,quintuplet,51200,100,10,0.485,0.396,0.57,0.023463406612130946,0.0,0.36825741084996344,0.9999990463256836,0.9999818801879883,1.0
W,5,quintuplet,102400,100,10,0.496,0.407,0.583,0.011578820531151111,0.0,0.37310231006366784,0.9999990463256836,0.9999828338623047,1.0
W,5,random,50,10,10,0.0,0.0,0.0,2.3812774918524755,1.7743436324083364,4.033565644295781,0.981353759765625,0.9610660076141357,0.9933910369873047
W,5,random,100,10,10,0.0,0.0,0.0,2.0694142643177478,1.4193799279411827,3.58256225549109,0.9927606582641602,0.9837627410888672,0.9983577728271484
W,5,random,200,10,10,0.0,0.0,0.0,2.0387215774094636,1.3519513904681095,3.5449492587597726,0.9957723617553711,0.990231990814209,0.9989776611328125
W,5,random,400,10,10,0.0,0.0,0.0,2.2449708437157083,1.5599648161096917,3.665527859907322,0.9923014640808105,0.9794602394104004,0.9981520175933838
W,5,random,800,10,10,0.0,0.0,0.0,2.6562013509779128,2.094694524769016,4.504292550556265,0.9722633361816406,0.9303786754608154,0.9965062141418457
W,5,random,1600,10,10,0.0,0.0,0.0,3.4003085225990084,2.5947765416021413,5.205027516788322,0.920708179473877,0.7817740440368652,0.9733583927154541
W,5,random,3200,10,10,0.0,0.0,0.0,3.415538250857331,2.6485056365786206,5.1217324507312325,0.9034256935119629,0.803159236907959,0.9720783233642578
W,5,random,6400,10,10,0.0,0.0,0.0,3.800585149081165,2.8149236021350426,5.613824325105911,0.85711669921875,0.7162013053894043,0.9416725635528564
W,5,random,12800,10,10,0.0,0.0,0.0,3.5645103436567385,2.729093115101625,5.475525584643673,0.8580985069274902,0.7665560245513916,0.9323387145996094
W,5,random,25600,10,10,0.0,0.0,0.0,3.581990723723285,2.713409337685143,5.742458269518539,0.8810720443725586,0.7577991485595703,0.9414875507354736
W,5,random,51200,10,10,0.0,0.0,0.0,3.3233934888089673,2.7255467913341422,5.383713598660748,0.8854985237121582,0.8067755699157715,0.955711841583252
W,5,random,102400,10,10,0.0,0.0,0.0,3.6487433715254314,2.631601538870572,5.296563377048059,0.8820786476135254,0.7958886623382568,0.9536647796630859
