instance_key,sketch,threshold_label,rate,ci_low,ci_high,trials,t,n,mean_kept,var_sampled_function,max_preserved,theta_min
e1/L/R5/32,quadruplet,zero,0.73,0.6770882626256942,0.7770959706110145,300,0.0,1600,1280.4166666666667,0.7150909302775819,True,0.025487506272795724
e1/L/R5/32,quadruplet,p50,0.7366666666666667,0.6840604965627417,0.7832884970576399,300,0.9020061677462445,1600,936.8366666666667,0.935793479206355,True,0.02674599480138573
e1/L/R5/32,quadruplet,p60,0.85,0.805182388854671,0.8859675312881468,300,1.3084865822696825,1600,645.79,1.0776603949507106,True,0.03229210010196093
e1/L/R5/32,quadruplet,p70,0.7866666666666666,0.7368372921361543,0.8292474043617724,300,1.57756022839429,1600,502.87333333333333,1.076504403420791,True,0.025213256135172335
e1/L/R5/32,quadruplet,p75,0.77,0.7191446136117753,0.8140281819269698,300,1.6907862819433896,1600,406.32,1.0362166467833744,True,0.023917558944405393
e1/L/R5/32,quadruplet,p80,0.78,0.7297473820840871,0.8231725540301672,300,1.7652729820338862,1600,324.75666666666666,0.9762677146138631,True,0.025499918217366302
e1/L/R5/32,quadruplet,p85,0.8066666666666666,0.7582162445043988,0.8473627331445462,300,1.8784990355829856,1600,268.21666666666664,0.9178608963155003,True,0.02505588725643726
e1/L/R5/32,quadruplet,p90,0.8233333333333334,0.7761675879076233,0.8623232907005036,300,2.3035392405959385,1600,160.27333333333334,0.7415006564674863,True,0.020253482453890914
e1/L/R5/32,quadruplet,p92.5,0.7966666666666666,0.7475056887150938,0.8383261483583421,300,2.4376989948102037,1600,122.11,0.6374441456412483,True,0.019287926578419823
e1/L/R5/32,quadruplet,p95,0.7033333333333334,0.6493365822398648,0.7521886094621532,300,2.646345449114965,1600,81.25,0.4960829263481515,True,0.013224783454984346
e1/L/R5/32,quadruplet,p97.5,0.6166666666666667,0.5605031391673366,0.669880167546936,300,2.9783391635479064,1600,40.95333333333333,0.3207766925941196,True,0.007145855031474191
e1/L/R5/32,quadruplet,p99,0.36,0.30776933517318583,0.4157706967696869,300,3.4710472572204933,1600,18.303333333333335,0.18141001107069266,True,0.002880787292592002
e1/L/R5/32,quadruplet,p99.5,0.16666666666666666,0.1287653312036807,0.21299664961268325,300,3.943900570985725,1600,8.123333333333333,0.10064437922558746,True,0.0013682404387200253
e1/L/R5/32,quadruplet,p99.9,0.03333333333333333,0.01820494733885481,0.06026182580405482,300,4.779533839490176,1600,1.8733333333333333,0.03154362739027722,True,0.0005921432774112639
e1/L/R5/32,quadruplet,f_x2,0.0,8.673617379884035e-19,0.012642971224546034,300,8.109602531065542,1600,0.0033333333333333335,0.00012900140363984096,True,2.1668076018741076e-07
e1/L/R5/32,quadruplet,mid_x2_max,0.0,8.673617379884035e-19,0.012642971224546034,300,8.223205653462681,1600,0.0,6.628257206212804e-05,True,7.950600410327742e-06
e1/L/R5/32,quintuplet,zero,0.3466666666666667,0.2950585411049252,0.40215197007060216,300,0.0,1600,1280.4166666666667,0.7150909302775819,True,0.008447502636530935
e1/L/R5/32,quintuplet,p50,0.45666666666666667,0.40120290256178365,0.5132261549443436,300,0.9020061677462445,1600,936.8366666666667,0.935793479206355,True,0.010582817713221893
e1/L/R5/32,quintuplet,p60,0.53,0.4735002333859323,0.5857411883405951,300,1.3084865822696825,1600,645.79,1.0776603949507106,True,0.010582817713222115
e1/L/R5/32,quintuplet,p70,0.52,0.4635710820137406,0.5759231991372775,300,1.57756022839429,1600,502.87333333333333,1.076504403420791,True,0.011716496501598894
e1/L/R5/32,quintuplet,p75,0.5366666666666666,0.4801320652390865,0.5922741168711132,300,1.6907862819433896,1600,406.32,1.0362166467833744,True,0.013128162086694983
e1/L/R5/32,quintuplet,p80,0.58,0.5234831499847111,0.6344939746193615,300,1.7652729820338862,1600,324.75666666666666,0.9762677146138631,True,0.00985038492720769
e1/L/R5/32,quintuplet,p85,0.5833333333333334,0.5268355964602695,0.6377239083356395,300,1.8784990355829856,1600,268.21666666666664,0.9178608963155003,True,0.011328788312156668
e1/L/R5/32,quintuplet,p90,0.5466666666666666,0.49009847513929183,0.6020548475464171,300,2.3035392405959385,1600,160.27333333333334,0.7415006564674863,True,0.010073135990801174
e1/L/R5/32,quintuplet,p92.5,0.5033333333333333,0.44707193979203275,0.5595104403998036,300,2.4376989948102037,1600,122.11,0.6374441456412483,True,0.009849716343216963
e1/L/R5/32,quintuplet,p95,0.51,0.45366418945602693,0.5660829511194823,300,2.646345449114965,1600,81.25,0.4960829263481515,True,0.005651521162274964
e1/L/R5/32,quintuplet,p97.5,0.4766666666666667,0.42080166187431245,0.533121676782833,300,2.9783391635479064,1600,40.95333333333333,0.3207766925941196,True,0.004692959653345041
e1/L/R5/32,quintuplet,p99,0.3,0.2509396637848768,0.35411752470494157,300,3.4710472572204933,1600,18.303333333333335,0.18141001107069266,True,0.0017852421537055685
e1/L/R5/32,quintuplet,p99.5,0.16666666666666666,0.1287653312036807,0.21299664961268325,300,3.943900570985725,1600,8.123333333333333,0.10064437922558746,True,0.0009640305462080279
e1/L/R5/32,quintuplet,p99.9,0.03,0.01586185380943231,0.05602253914164096,300,4.779533839490176,1600,1.8733333333333333,0.03154362739027722,True,0.00046724296834003975
e1/L/R5/32,quintuplet,f_x2,0.0,8.673617379884035e-19,0.012642971224546034,300,8.109602531065542,1600,0.0033333333333333335,0.00012900140363984096,True,2.1668076018741076e-07
e1/L/R5/32,quintuplet,mid_x2_max,0.0,8.673617379884035e-19,0.012642971224546034,300,8.223205653462681,1600,0.0,6.628257206212804e-05,True,7.950600410327728e-06
e1/W/R5/34,quadruplet,zero,0.0033333333333333335,0.0005886577218511581,0.018636693694531237,300,0.0,102400,101154.22333333333,2.7849633104348195,False,-0.022461700258175732
e1/W/R5/34,quadruplet,p50,0.0,8.673617379884035e-19,0.012642971224546034,300,3.6734952119070208,102400,51488.78,6.9200370004698515,False,-0.03558344613516162
e1/W/R5/34,quadruplet,p60,0.013333333333333334,0.005196961739358857,0.03377553025253262,300,4.088158034299775,102400,41141.96666666667,7.2398893022294715,False,-0.016364076703298647
e1/W/R5/34,quadruplet,p70,0.01,0.003406618437715286,0.02898349336233983,300,4.584202908465597,102400,30817.636666666665,7.016856307838971,False,-0.018060974643139716
e1/W/R5/34,quadruplet,p75,0.056666666666666664,0.03567747646328951,0.08886595802247463,300,4.815854525282651,102400,25655.19,6.658852149033405,False,-0.009923987061712936
e1/W/R5/34,quadruplet,p80,0.3566666666666667,0.30458741740255907,0.41237023434847747,300,5.11420177073953,102400,20624.333333333332,6.11592284189249,False,-0.0008536817387487794
e1/W/R5/34,quadruplet,p85,0.51,0.45366418945602693,0.5660829511194823,300,5.518292831179835,102400,15470.606666666667,5.282094438033246,True,0.0024641342455455906
e1/W/R5/34,quadruplet,p90,0.4666666666666667,0.41099110566704244,0.5231850924145939,300,5.860125586458408,102400,10264.453333333333,4.124102206370675,True,7.508925025301316e-05
e1/W/R5/34,quadruplet,p92.5,0.83,0.7833857374317239,0.8682699015600757,300,6.1922736696436385,102400,7676.696666666667,3.3931505153278665,True,0.0026182792937801125
e1/W/R5/34,quadruplet,p95,0.8433333333333334,0.7978919765479306,0.8800931832112144,300,6.534198872117805,102400,5119.806666666666,2.5208087582486662,True,0.0031723855455538796
e1/W/R5/34,quadruplet,p97.5,0.9733333333333334,0.9482710570494102,0.9864269301913529,300,7.1214732454713445,102400,2587.32,1.4804685321964417,True,0.0032944694025329735
e1/W/R5/34,quadruplet,p99,0.9733333333333334,0.9482710570494102,0.9864269301913529,300,7.699940411649097,102400,1028.9833333333333,0.6844301497505967,True,0.0027626733127087133
e1/W/R5/34,quadruplet,p99.5,0.97,0.9439774608583589,0.9841381461905676,300,8.180864796231011,102400,517.0666666666667,0.3772599144072352,True,0.00239516503433293
e1/W/R5/34,quadruplet,p99.9,0.79,0.7403888774230657,0.8322781992666975,300,9.05324188438755,102400,107.09333333333333,0.09288811210680537,True,0.000754648122881757
e1/W/R5/34,quadruplet,f_x2,0.09,0.06259022560547936,0.12777701079864834,300,10.882919014076453,102400,0.37333333333333335,0.0004555287501533423,True,4.168482252864779e-05
e1/W/R5/34,quadruplet,mid_x2_max,0.07666666666666666,0.051627611786607464,0.1124101038501748,300,10.97193321982324,102400,0.07666666666666666,0.00011667675139843136,True,1.054854147488596e-05
e1/W/R5/34,quintuplet,zero,0.7333333333333333,0.680572605868549,0.7801940075599961,300,0.0,102400,101154.22333333333,2.7849633104348195,True,0.012220653375790924
e1/W/R5/34,quintuplet,p50,0.78,0.7297473820840871,0.8231725540301672,300,3.6734952119070208,102400,51488.78,6.9200370004698515,True,0.014036867516477924
e1/W/R5/34,quintuplet,p60,0.9266666666666666,0.8914686583942826,0.9510760061607713,300,4.088158034299775,102400,41141.96666666667,7.2398893022294715,True,0.021234901139346007
e1/W/R5/34,quintuplet,p70,0.8866666666666667,0.8458006041283088,0.9177554981247089,300,4.584202908465597,102400,30817.636666666665,7.016856307838971,True,0.019113870438146607
e1/W/R5/34,quintuplet,p75,0.89,0.8495437677561146,0.9205947146887394,300,4.815854525282651,102400,25655.19,6.658852149033405,True,0.019338440656096578
e1/W/R5/34,quintuplet,p80,0.9933333333333333,0.9760224167496929,0.998169851642088,300,5.11420177073953,102400,20624.333333333332,6.11592284189249,True,0.02772880238146813
e1/W/R5/34,quintuplet,p85,0.9666666666666667,0.9397381741959452,0.9817950526611452,300,5.518292831179835,102400,15470.606666666667,5.282094438033246,True,0.022321885069340075
e1/W/R5/34,quintuplet,p90,0.9833333333333333,0.9615846051669054,0.9928605226493666,300,5.860125586458408,102400,10264.453333333333,4.124102206370675,True,0.02297175594297096
e1/W/R5/34,quintuplet,p92.5,0.9866666666666667,0.9662244697474675,0.9948030382606411,300,6.1922736696436385,102400,7676.696666666667,3.3931505153278665,True,0.021904033653358135
e1/W/R5/34,quintuplet,p95,0.9833333333333333,0.9615846051669054,0.9928605226493666,300,6.534198872117805,102400,5119.806666666666,2.5208087582486662,True,0.015649452053596802
e1/W/R5/34,quintuplet,p97.5,1.0,0.9873570287754538,0.9999999999999998,300,7.1214732454713445,102400,2587.32,1.4804685321964417,True,0.01171076372764357
e1/W/R5/34,quintuplet,p99,0.9966666666666667,0.9813633063054688,0.9994113422781488,300,7.699940411649097,102400,1028.9833333333333,0.6844301497505967,True,0.006289055525668719
e1/W/R5/34,quintuplet,p99.5,0.9866666666666667,0.9662244697474675,0.9948030382606411,300,8.180864796231011,102400,517.0666666666667,0.3772599144072352,True,0.004301061643866955
e1/W/R5/34,quintuplet,p99.9,0.7633333333333333,0.7120967390716028,0.8079112960834695,300,9.05324188438755,102400,107.09333333333333,0.09288811210680537,True,0.0013676677675364401
e1/W/R5/34,quintuplet,f_x2,0.09,0.06259022560547936,0.12777701079864834,300,10.882919014076453,102400,0.37333333333333335,0.0004555287501533423,True,4.168482252864779e-05
e1/W/R5/34,quintuplet,mid_x2_max,0.07666666666666666,0.051627611786607464,0.1124101038501748,300,10.97193321982324,102400,0.07666666666666666,0.00011667675139843136,True,1.054854147488596e-05
