sketch,n,rate,ci_low,ci_high,trials,max_preserved_by_G
quadruplet,50,0.0,8.673617379884035e-19,0.012642971224546034,300,False
quadruplet,100,0.0,8.673617379884035e-19,0.012642971224546034,300,False
quadruplet,200,0.0033333333333333335,0.0005886577218511581,0.018636693694531237,300,False
quadruplet,400,0.016666666666666666,0.00713947735063333,0.0384153948330945,300,False
quadruplet,800,0.03333333333333333,0.01820494733885481,0.06026182580405482,300,False
quadruplet,1600,0.04,0.023027321487942308,0.06860421203864003,300,False
quadruplet,3200,0.03666666666666667,0.02059530516285303,0.06445384817189295,300,False
quadruplet,6400,0.05,0.03053164062934728,0.08084703347274415,300,False
quadruplet,12800,0.10333333333333333,0.07375658473854114,0.142940172432932,300,False
quadruplet,25600,0.07666666666666666,0.051627611786607464,0.1124101038501748,300,False
quadruplet,51200,0.08666666666666667,0.05982889751804311,0.12395595869424827,300,False
quadruplet,102400,0.07333333333333333,0.04892399383922859,0.10853134160571733,300,False
quintuplet,50,0.0,8.673617379884035e-19,0.012642971224546034,300,False
quintuplet,100,0.0,8.673617379884035e-19,0.012642971224546034,300,False
quintuplet,200,0.0033333333333333335,0.0005886577218511581,0.018636693694531237,300,False
quintuplet,400,0.023333333333333334,0.011347660299125234,0.04737197226827532,300,False
quintuplet,800,0.05,0.03053164062934728,0.08084703347274415,300,False
quintuplet,1600,0.07666666666666666,0.051627611786607464,0.1124101038501748,300,False
quintuplet,3200,0.07333333333333333,0.04892399383922859,0.10853134160571733,300,False
quintuplet,6400,0.09,0.06259022560547936,0.12777701079864834,300,False
quintuplet,12800,0.11333333333333333,0.082244501875291,0.15419939587169124,300,False
quintuplet,25600,0.08666666666666667,0.05982889751804311,0.12395595869424827,300,False
quintuplet,51200,0.10666666666666667,0.07657584904594214,0.14670328831736743,300,False
quintuplet,102400,0.12,0.0879508443036389,0.16165781382701605,300,False
