family,n_rules,method,n_level,sampling,sketching,decoding,candidates,total
L,1,annealing,102400.0,,,,,0.1959244565005065
L,1,quadruplet,inf,,,,,
L,1,quintuplet,25600.0,1.398034297999402,0.07854510649485746,0.01754870999866398,0.00036085349711356685,1.492141560484015
L,1,random,inf,,,,,
L,2,annealing,51200.0,,,,,0.11069605399097782
L,2,quadruplet,inf,,,,,
L,2,quintuplet,inf,,,,,
L,2,random,inf,,,,,
L,3,annealing,51200.0,,,,,0.10080214899790008
L,3,quadruplet,inf,,,,,
L,3,quintuplet,inf,,,,,
L,3,random,inf,,,,,
L,4,annealing,102400.0,,,,,0.19858922099228948
L,4,quadruplet,inf,,,,,
L,4,quintuplet,inf,,,,,
L,4,random,inf,,,,,
L,5,annealing,51200.0,,,,,0.09911881099833408
L,5,quadruplet,inf,,,,,
L,5,quintuplet,inf,,,,,
L,5,random,inf,,,,,
W,1,annealing,51200.0,,,,,0.10101986049994593
W,1,quadruplet,inf,,,,,
W,1,quintuplet,51200.0,3.3851032445018063,0.15712960249948082,0.017729048006003723,0.0003766830050153658,3.5551335035124794
W,1,random,inf,,,,,
W,2,annealing,51200.0,,,,,0.0978927769974689
W,2,quadruplet,inf,,,,,
W,2,quintuplet,inf,,,,,
W,2,random,inf,,,,,
W,3,annealing,51200.0,,,,,0.0967369774953113
W,3,quadruplet,inf,,,,,
W,3,quintuplet,inf,,,,,
W,3,random,inf,,,,,
W,4,annealing,25600.0,,,,,0.047876672993879765
W,4,quadruplet,inf,,,,,
W,4,quintuplet,inf,,,,,
W,4,random,inf,,,,,
W,5,annealing,25600.0,,,,,0.03852216599625535
W,5,quadruplet,inf,,,,,
W,5,quintuplet,inf,,,,,
W,5,random,inf,,,,,
