role,instance_key,sketch,n,rate,ci_low,ci_high,trials,bound_eq6,n_eq7
e2_L,e1/L/R5/32,quadruplet,50,1.0,0.9873570287754538,0.9999999999999998,300,1047888.4075972019,1232214.543283029
e2_L,e1/L/R5/32,quadruplet,100,0.99,0.9710165066376601,0.9965933815622847,300,1047201.2660757061,1232214.543283029
e2_L,e1/L/R5/32,quadruplet,200,0.9366666666666666,0.9032086875144784,0.9590831176160847,300,1045828.3344941728,1232214.543283029
e2_L,e1/L/R5/32,quadruplet,400,0.73,0.6770882626256942,0.7770959706110145,300,1043087.8689106517,1232214.543283029
e2_L,e1/L/R5/32,quadruplet,800,0.44666666666666666,0.39143715496049114,0.503244761970127,300,1037628.4620938937,1232214.543283029
e2_L,e1/L/R5/32,quadruplet,1600,0.19333333333333333,0.15263726685545376,0.2417837554956011,300,1026795.2207063093,1232214.543283029
e2_L,e1/L/R5/32,quadruplet,3200,0.08666666666666667,0.05982889751804311,0.12395595869424827,300,1005466.8667462508,1232214.543283029
e2_L,e1/L/R5/32,quadruplet,6400,0.02,0.009197631557703617,0.042939620817860576,300,964130.0393338439,1232214.543283029
e2_L,e1/L/R5/32,quadruplet,12800,0.0,8.673617379884035e-19,0.012642971224546034,300,886484.8449190897,1232214.543283029
e2_L,e1/L/R5/32,quadruplet,25600,0.0,8.673617379884035e-19,0.012642971224546034,300,749450.0925743305,1232214.543283029
e2_L,e1/L/R5/32,quadruplet,51200,0.0,8.673617379884035e-19,0.012642971224546034,300,535655.442485497,1232214.543283029
e2_L,e1/L/R5/32,quadruplet,102400,0.0,8.673617379884035e-19,0.012642971224546034,300,273634.6750872937,1232214.543283029
e2_L,e1/L/R5/32,quintuplet,50,0.9966666666666667,0.9813633063054688,0.9994113422781488,300,1048360.2165280363,3927326.102768318
e2_L,e1/L/R5/32,quintuplet,100,0.98,0.9570603791821394,0.9908023684422963,300,1048144.4774615393,3927326.102768318
e2_L,e1/L/R5/32,quintuplet,200,0.9533333333333334,0.923202639772079,0.9720010663176659,300,1047713.1325083975,3927326.102768318
e2_L,e1/L/R5/32,quintuplet,400,0.83,0.7833857374317239,0.8682699015600757,300,1046850.9750657642,3927326.102768318
e2_L,e1/L/R5/32,quintuplet,800,0.6133333333333333,0.5571245198072374,0.6666764067151987,300,1045128.7879907048,3927326.102768318
e2_L,e1/L/R5/32,quintuplet,1600,0.4166666666666667,0.3622760916643604,0.4731644035397305,300,1041692.908751411,3927326.102768318
e2_L,e1/L/R5/32,quintuplet,3200,0.19666666666666666,0.1556446341979055,0.24535876834498568,300,1034854.9996785866,3927326.102768318
e2_L,e1/L/R5/32,quintuplet,6400,0.07666666666666666,0.051627611786607464,0.1124101038501748,300,1021313.5436628051,3927326.102768318
e2_L,e1/L/R5/32,quintuplet,12800,0.013333333333333334,0.005196961739358857,0.03377553025253262,300,994759.8976794018,3927326.102768318
e2_L,e1/L/R5/32,quintuplet,25600,0.0,8.673617379884035e-19,0.012642971224546034,300,943705.8010398236,3927326.102768318
e2_L,e1/L/R5/32,quintuplet,51200,0.0,8.673617379884035e-19,0.012642971224546034,300,849323.8820230627,3927326.102768318
e2_L,e1/L/R5/32,quintuplet,102400,0.0,8.673617379884035e-19,0.012642971224546034,300,687933.9757678261,3927326.102768318
e2_W,e1/W/R5/34,quadruplet,50,1.0,0.9873570287754538,0.9999999999999998,300,1048574.1668953695,462351420.9367776
e2_W,e1/W/R5/34,quadruplet,100,0.9966666666666667,0.9813633063054688,0.9994113422781488,300,1048572.3337939436,462351420.9367776
e2_W,e1/W/R5/34,quadruplet,200,0.9966666666666667,0.9813633063054688,0.9994113422781488,300,1048568.6676007075,462351420.9367776
e2_W,e1/W/R5/34,quadruplet,400,0.9966666666666667,0.9813633063054688,0.9994113422781488,300,1048561.3352526865,462351420.9367776
e2_W,e1/W/R5/34,quadruplet,800,0.9866666666666667,0.9662244697474675,0.9948030382606411,300,1048546.670710467,462351420.9367776
e2_W,e1/W/R5/34,quadruplet,1600,0.9366666666666666,0.9032086875144784,0.9590831176160847,300,1048517.3422412898,462351420.9367776
e2_W,e1/W/R5/34,quadruplet,3200,0.9033333333333333,0.8646182980304887,0.9318497051817106,300,1048458.6877639181,462351420.9367776
e2_W,e1/W/R5/34,quadruplet,6400,0.8333333333333334,0.7870033503873166,0.8712346687963193,300,1048341.3886524573,462351420.9367776
e2_W,e1/W/R5/34,quadruplet,12800,0.77,0.7191446136117753,0.8140281819269698,300,1048106.8297975182,462351420.9367776
e2_W,e1/W/R5/34,quadruplet,25600,0.67,0.6149358533991501,0.7207655363845044,300,1047637.8695184725,462351420.9367776
e2_W,e1/W/R5/34,quadruplet,51200,0.6133333333333333,0.5571245198072374,0.6666764067151987,300,1046700.57835503,462351420.9367776
e2_W,e1/W/R5/34,quadruplet,102400,0.5,0.4437795161339169,0.5562204838660831,300,1044828.51097942,462351420.9367776
e2_W,e1/W/R5/34,quintuplet,50,1.0,0.9873570287754538,0.9999999999999998,300,1048338.8886279549,3574031.201618713
e2_W,e1/W/R5/34,quintuplet,100,0.9966666666666667,0.9813633063054688,0.9994113422781488,300,1048101.8308731992,3574031.201618713
e2_W,e1/W/R5/34,quintuplet,200,1.0,0.9873570287754538,0.9999999999999998,300,1047627.8761670612,3574031.201618713
e2_W,e1/W/R5/34,quintuplet,400,0.9933333333333333,0.9760224167496929,0.998169851642088,300,1046680.6096289703,3574031.201618713
e2_W,e1/W/R5/34,quintuplet,800,0.99,0.9710165066376601,0.9965933815622847,300,1044788.6453373668,3574031.201618713
e2_W,e1/W/R5/34,quintuplet,1600,0.9266666666666666,0.8914686583942826,0.9510760061607713,300,1041014.9702319052,3574031.201618713
e2_W,e1/W/R5/34,quintuplet,3200,0.7966666666666666,0.7475056887150938,0.8383261483583421,300,1033508.4612340303,3574031.201618713
e2_W,e1/W/R5/34,quintuplet,6400,0.6633333333333333,0.6080919973085686,0.7144446320914131,300,1018657.4358390153,3574031.201618713
e2_W,e1/W/R5/34,quintuplet,12800,0.4766666666666667,0.42080166187431245,0.533121676782833,300,989592.525091285,3574031.201618713
e2_W,e1/W/R5/34,quintuplet,25600,0.31,0.26034352510199493,0.3644608039633325,300,933926.9311109008,3574031.201618713
e2_W,e1/W/R5/34,quintuplet,51200,0.16,0.1228535455840995,0.20574367484859174,300,831813.3474867108,3574031.201618713
e2_W,e1/W/R5/34,quintuplet,102400,0.05,0.03053164062934728,0.08084703347274415,300,659860.0817270732,3574031.201618713
e3,e3/L/R5/0,quadruplet,50,1.0,0.9873570287754538,0.9999999999999998,300,,
e3,e3/L/R5/0,quadruplet,100,1.0,0.9873570287754538,0.9999999999999998,300,,
e3,e3/L/R5/0,quadruplet,200,0.9933333333333333,0.9760224167496929,0.998169851642088,300,,
e3,e3/L/R5/0,quadruplet,400,0.9866666666666667,0.9662244697474675,0.9948030382606411,300,,
e3,e3/L/R5/0,quadruplet,800,0.9833333333333333,0.9615846051669054,0.9928605226493666,300,,
e3,e3/L/R5/0,quadruplet,1600,0.9766666666666667,0.9526280277317246,0.9886523397008747,300,,
e3,e3/L/R5/0,quadruplet,3200,0.9766666666666667,0.9526280277317246,0.9886523397008747,300,,
e3,e3/L/R5/0,quadruplet,6400,0.9733333333333334,0.9482710570494102,0.9864269301913529,300,,
e3,e3/L/R5/0,quadruplet,12800,0.94,0.9071605548470915,0.9617136304753079,300,,
e3,e3/L/R5/0,quadruplet,25600,0.9533333333333334,0.923202639772079,0.9720010663176659,300,,
e3,e3/L/R5/0,quadruplet,51200,0.96,0.9313957879613599,0.9769726785120576,300,,
e3,e3/L/R5/0,quadruplet,102400,0.9766666666666667,0.9526280277317246,0.9886523397008747,300,,
e3,e3/L/R5/0,quintuplet,50,1.0,0.9873570287754538,0.9999999999999998,300,,
e3,e3/L/R5/0,quintuplet,100,1.0,0.9873570287754538,0.9999999999999998,300,,
e3,e3/L/R5/0,quintuplet,200,1.0,0.9873570287754538,0.9999999999999998,300,,
e3,e3/L/R5/0,quintuplet,400,0.99,0.9710165066376601,0.9965933815622847,300,,
e3,e3/L/R5/0,quintuplet,800,0.9766666666666667,0.9526280277317246,0.9886523397008747,300,,
e3,e3/L/R5/0,quintuplet,1600,0.9666666666666667,0.9397381741959452,0.9817950526611452,300,,
e3,e3/L/R5/0,quintuplet,3200,0.97,0.9439774608583589,0.9841381461905676,300,,
e3,e3/L/R5/0,quintuplet,6400,0.9533333333333334,0.923202639772079,0.9720010663176659,300,,
e3,e3/L/R5/0,quintuplet,12800,0.9433333333333334,0.9111340419775253,0.9643225235367106,300,,
e3,e3/L/R5/0,quintuplet,25600,0.95,0.9191529665272558,0.9694683593706526,300,,
e3,e3/L/R5/0,quintuplet,51200,0.95,0.9191529665272558,0.9694683593706526,300,,
e3,e3/L/R5/0,quintuplet,102400,0.9533333333333334,0.923202639772079,0.9720010663176659,300,,
