family,n_rules,method,n,instances,runs_per_instance,success,success_ci_low,success_ci_high,distance_median,distance_q25,distance_q75,rank_median,rank_q25,rank_q75,success_mp,distance_mp_median
L,1,annealing,50,100,10,0.001,0.0,0.005,4.4563879924658645,3.7367949319753104,5.770685661871567,0.9800748825073242,0.9283485412597656,0.9902133941650391,,
L,1,annealing,100,100,10,0.003,0.0,0.009,4.352130565875494,3.2288294111823,4.900844505139466,0.9890899658203125,0.9515812397003174,0.9982938766479492,,
L,1,annealing,200,100,10,0.013,0.004,0.024,3.736794931975311,2.491196621316873,4.738791022072738,0.9942655563354492,0.9827775955200195,0.9993934631347656,,
L,1,annealing,400,100,10,0.049,0.03,0.07,2.843274613243643,2.073163354853558,4.352130565875492,0.9990777969360352,0.9931516647338867,0.9999618530273438,,
L,1,annealing,800,100,10,0.137,0.099,0.176,2.1525529407882003,1.245598310658437,3.0650441127076844,0.9999618530273438,0.9990520477294922,0.9999990463256836,,
L,1,annealing,1600,100,10,0.273,0.212,0.334,1.5325220563538424,0.0,2.176065282937748,0.9999990463256836,0.9999618530273438,1.0,,
L,1,annealing,3200,100,10,0.407,0.338,0.477,1.2455983106584365,0.0,1.6245538642137909,0.9999990463256836,0.9999914169311523,1.0,,
L,1,annealing,6400,100,10,0.554,0.477,0.63,0.0,0.0,1.62455386421379,1.0,0.9999990463256836,1.0,,
L,1,annealing,12800,100,10,0.645,0.57,0.716,0.0,0.0,1.2455983106584372,1.0,0.9999990463256836,1.0,,
L,1,annealing,25600,100,10,0.795,0.731,0.855,0.0,0.0,0.0,1.0,1.0,1.0,,
L,1,annealing,51200,100,10,0.847,0.789,0.902,0.0,0.0,0.0,1.0,1.0,1.0,,
L,1,annealing,102400,100,10,0.916,0.868,0.959,0.0,0.0,0.0,1.0,1.0,1.0,,
L,1,quadruplet,50,100,10,0.014,0.004,0.026,2.491196621316874,2.1525529407882007,3.567549686826161,0.9993934631347656,0.9982938766479492,0.9999513626098633,0.012,2.843274613243643
L,1,quadruplet,100,100,10,0.047,0.028,0.068,2.228193996232932,1.6245538642137904,3.249107728427581,0.9998722076416016,0.9989748001098633,0.9999895095825195,0.045,2.2281939962329322
L,1,quadruplet,200,100,10,0.142,0.104,0.18,1.7555673025548895,1.2455983106584363,2.2281939962329322,0.9999856948852539,0.9998674392700195,0.9999990463256836,0.14,1.9511937973570523
L,1,quadruplet,400,100,10,0.283,0.224,0.339,1.4426714154678917,0.0,2.1760652829377456,0.9999990463256836,0.9999618530273438,1.0,0.276,1.442671415467892
L,1,quadruplet,800,100,10,0.44,0.363,0.514,1.2455983106584363,0.0,1.6245538642137909,0.9999990463256836,0.9999914169311523,1.0,0.426,1.2455983106584365
L,1,quadruplet,1600,100,10,0.541,0.462,0.618,0.0,0.0,1.6245538642137907,1.0,0.9999990463256836,1.0,0.507,0.0
L,1,quadruplet,3200,100,10,0.606,0.515,0.688,0.0,0.0,1.6245538642137904,1.0,0.9999990463256836,1.0,0.557,0.0
L,1,quadruplet,6400,100,10,0.661,0.577,0.738,0.0,0.0,1.62455386421379,1.0,0.9999990463256836,1.0,0.585,0.0
L,1,quadruplet,12800,100,10,0.692,0.606,0.768,0.0,0.0,1.245598310658437,1.0,0.9999990463256836,1.0,0.578,0.0
L,1,quadruplet,25600,100,10,0.737,0.653,0.812,0.0,0.0,1.2455983106584365,1.0,0.9999990463256836,1.0,0.593,0.0
L,1,quadruplet,51200,100,10,0.768,0.689,0.843,0.0,0.0,0.0,1.0,1.0,1.0,0.596,0.0
L,1,quadruplet,102400,100,10,0.788,0.708,0.86,0.0,0.0,0.0,1.0,1.0,1.0,0.584,0.0
L,1,quintuplet,50,100,10,0.018,0.008,0.031,2.491196621316874,2.1525529407882003,4.1311822359545785,0.9991416931152344,0.9982938766479492,0.9998769760131836,0.018,2.4911966213168744
L,1,quintuplet,100,100,10,0.054,0.033,0.077,2.176065282937747,1.62455386421379,2.8853428309357834,0.9998769760131836,0.9993934631347656,0.9999914169311523,0.053,2.176065282937747
L,1,quintuplet,200,100,10,0.192,0.149,0.244,1.6245538642137907,1.0762764703941,2.1760652829377474,0.9999914169311523,0.9999618530273438,0.9999990463256836,0.191,1.6245538642137907
L,1,quintuplet,400,100,10,0.355,0.294,0.42,1.2455983106584365,0.0,1.6245538642137907,0.9999990463256836,0.9999914169311523,1.0,0.354,1.2455983106584365
L,1,quintuplet,800,100,10,0.534,0.462,0.606,0.0,0.0,1.62455386421379,1.0,0.9999990463256836,1.0,0.532,0.0
L,1,quintuplet,1600,100,10,0.671,0.601,0.743,0.0,0.0,1.245598310658437,1.0,0.9999990463256836,1.0,0.659,0.0
L,1,quintuplet,3200,100,10,0.784,0.726,0.841,0.0,0.0,0.0,1.0,1.0,1.0,0.774,0.0
L,1,quintuplet,6400,100,10,0.867,0.822,0.91,0.0,0.0,0.0,1.0,1.0,1.0,0.848,0.0
L,1,quintuplet,12800,100,10,0.919,0.882,0.952,0.0,0.0,0.0,1.0,1.0,1.0,0.894,0.0
L,1,quintuplet,25600,100,10,0.949,0.915,0.975,0.0,0.0,0.0,1.0,1.0,1.0,0.918,0.0
L,1,quintuplet,51200,100,10,0.973,0.95,0.991,0.0,0.0,0.0,1.0,1.0,1.0,0.933,0.0
L,1,quintuplet,102400,100,10,0.981,0.961,0.996,0.0,0.0,0.0,1.0,1.0,1.0,0.94,0.0
L,1,random,50,10,10,0.02,0.0,0.08,3.249107728427581,2.491196621316873,4.146326709707116,0.9982938766479492,0.9899325370788574,0.9990501403808594,0.02,3.249107728427581
L,1,random,100,10,10,0.02,0.0,0.08,3.2288294111823,2.1760652829377465,3.2491077284275813,0.9985675811767578,0.9982938766479492,0.9997329711914062,0.02,3.2288294111823
L,1,random,200,10,10,0.02,0.0,0.08,2.1760652829377465,2.0731633548535577,3.249107728427581,0.9997329711914062,0.9982938766479492,0.9999713897705078,0.02,2.228193996232932
L,1,random,400,10,10,0.03,0.0,0.11,2.1760652829377465,1.6245538642137907,2.7541214906363853,0.9998674392700195,0.9993934631347656,0.9999990463256836,0.03,2.491196621316873
L,1,random,800,10,10,0.04,0.0,0.14,2.0731633548535577,1.62455386421379,2.189097461261543,0.9999713897705078,0.9997329711914062,0.9999990463256836,0.0,3.73679493197531
L,1,random,1600,10,10,0.1,0.01,0.23,1.6245538642137907,1.2455983106584363,2.1760652829377465,0.9999990463256836,0.9999618530273438,0.9999990463256836,0.01,4.352130565875493
L,1,random,3200,10,10,0.14,0.01,0.34,1.6245538642137904,1.2455983106584363,2.0930107513372183,0.9999990463256836,0.9999690055847168,0.9999990463256836,0.0,4.4563879924658645
L,1,random,6400,10,10,0.22,0.02,0.46,1.62455386421379,1.0762764703940995,1.6245538642137907,0.9999990463256836,0.9999914169311523,0.9999990463256836,0.0,4.352130565875493
L,1,random,12800,10,10,0.27,0.05,0.52,1.3770607453181927,0.0,1.6245538642137907,0.9999990463256836,0.9999914169311523,1.0,0.0,4.665024792553618
L,1,random,25600,10,10,0.31,0.09,0.56,1.3770607453181927,0.0,1.6245538642137904,0.9999990463256836,0.9999990463256836,1.0,0.0,4.873661592641372
L,1,random,51200,10,10,0.39,0.13,0.65,1.2455983106584363,0.0,1.62455386421379,0.9999990463256836,0.9999990463256836,1.0,0.0,4.873661592641372
L,1,random,102400,10,10,0.46,0.17,0.75,1.1609373905262679,0.0,1.62455386421379,0.9999990463256836,0.9999990463256836,1.0,0.01,4.873661592641372
L,2,annealing,50,100,10,0.0,0.0,0.0,4.467879017905974,3.392006017490633,5.766837153303832,0.9405689239501953,0.8644747734069824,0.98465895652771,,
L,2,annealing,100,100,10,0.001,0.0,0.004,4.138256357287535,2.978036240734993,5.518625959268635,0.9732580184936523,0.9206943511962891,0.9935214519500732,,
L,2,annealing,200,100,10,0.011,0.003,0.021,3.192788976171041,2.243235513187199,4.751460003388924,0.991389274597168,0.9664957523345947,0.9989604949951172,,
L,2,annealing,400,100,10,0.052,0.028,0.079,2.2378852742458664,1.3812389267807794,3.6028778148899505,0.999138355255127,0.9936037063598633,0.9999322891235352,,
L,2,annealing,800,100,10,0.188,0.142,0.24,1.3414482508137404,0.627202946056538,2.2054769140775363,0.9999485015869141,0.9995007514953613,0.9999980926513672,,
L,2,annealing,1600,100,10,0.301,0.237,0.364,0.8631610138096525,0.0,1.437665174479835,0.9999942779541016,0.9999418258666992,1.0,,
L,2,annealing,3200,100,10,0.468,0.396,0.54,0.1754754458270179,0.0,1.0334972144679588,0.9999990463256836,0.9999856948852539,1.0,,
L,2,annealing,6400,100,10,0.565,0.489,0.639,0.0,0.0,0.7374477950841387,1.0,0.9999980926513672,1.0,,
L,2,annealing,12800,100,10,0.693,0.624,0.758,0.0,0.0,0.3631703909422919,1.0,0.9999990463256836,1.0,,
L,2,annealing,25600,100,10,0.815,0.76,0.865,0.0,0.0,0.0,1.0,1.0,1.0,,
L,2,annealing,51200,100,10,0.911,0.871,0.946,0.0,0.0,0.0,1.0,1.0,1.0,,
L,2,annealing,102400,100,10,0.966,0.942,0.986,0.0,0.0,0.0,1.0,1.0,1.0,,
L,2,quadruplet,50,100,10,0.004,0.0,0.01,2.689833144080666,2.0930177916933785,3.9455457517686474,0.9976367950439453,0.9918813705444336,0.9993636608123779,0.004,2.8744213631668165
L,2,quadruplet,100,100,10,0.02,0.009,0.034,2.2139369614372826,1.5343594056123622,3.0288875280194136,0.9993829727172852,0.9976024627685547,0.9998676776885986,0.02,2.3011151208359353
L,2,quadruplet,200,100,10,0.066,0.042,0.094,1.726322027619305,1.0961468685831448,2.4376254289573867,0.9998445510864258,0.9991436004638672,0.9999847412109375,0.065,1.8581576727635312
L,2,quadruplet,400,100,10,0.175,0.128,0.227,1.2071803178720604,0.5752660943205556,1.8583427998159976,0.9999732971191406,0.9997797012329102,0.9999990463256836,0.173,1.3158428036568588
L,2,quadruplet,800,100,10,0.303,0.241,0.372,0.8264228211815627,0.0,1.4493198222717436,0.9999942779541016,0.9999103546142578,1.0,0.297,0.9078876761321575
L,2,quadruplet,1600,100,10,0.428,0.35,0.504,0.3949850132514803,0.0,1.2815509179449758,0.9999990463256836,0.9999637603759766,1.0,0.419,0.45236305075616856
L,2,quadruplet,3200,100,10,0.511,0.43,0.593,0.0,0.0,1.01724761138858,1.0,0.9999828338623047,1.0,0.499,0.003455938318707477
L,2,quadruplet,6400,100,10,0.572,0.485,0.658,0.0,0.0,0.7475823517211676,1.0,0.9999942779541016,1.0,0.551,0.0
L,2,quadruplet,12800,100,10,0.612,0.521,0.699,0.0,0.0,0.5764392554779851,1.0,0.9999971389770508,1.0,0.578,0.0
L,2,quadruplet,25600,100,10,0.645,0.557,0.727,0.0,0.0,0.36500422199318183,1.0,0.9999990463256836,1.0,0.586,0.0
L,2,quadruplet,51200,100,10,0.692,0.606,0.772,0.0,0.0,0.17651241785101743,1.0,0.9999990463256836,1.0,0.615,0.0
L,2,quadruplet,102400,100,10,0.739,0.659,0.814,0.0,0.0,0.014837695490018852,1.0,0.9999990463256836,1.0,0.617,0.0
L,2,quintuplet,50,100,10,0.001,0.0,0.004,2.7859096992975427,2.142555046005558,3.9910284355244228,0.9971222877502441,0.9901580810546875,0.999237060546875,0.001,2.8593979295084107
L,2,quintuplet,100,100,10,0.019,0.008,0.034,2.18061707571978,1.5343594056123622,3.0197934624719656,0.999384880065918,0.9978675842285156,0.9998712539672852,0.019,2.2164879318843576
L,2,quintuplet,200,100,10,0.081,0.054,0.111,1.5343594056123622,1.0303939926426866,2.2426212081731993,0.9998769760131836,0.9995040893554688,0.9999897480010986,0.08,1.5538051062488305
L,2,quintuplet,400,100,10,0.202,0.157,0.25,1.09042753779014,0.41187984413296985,1.5785868245357861,0.9999847412109375,0.9998626708984375,0.9999990463256836,0.201,1.0961468685831448
L,2,quintuplet,800,100,10,0.352,0.293,0.414,0.5871013146482978,0.0,1.133720623902285,0.9999980926513672,0.9999752044677734,1.0,0.349,0.6257205176673756
L,2,quintuplet,1600,100,10,0.518,0.448,0.592,0.0,0.0,0.8044474230236399,1.0,0.9999961853027344,1.0,0.513,0.0
L,2,quintuplet,3200,100,10,0.631,0.555,0.707,0.0,0.0,0.41487020269552366,1.0,0.9999990463256836,1.0,0.625,0.0
L,2,quintuplet,6400,100,10,0.709,0.633,0.784,0.0,0.0,0.1535272818193799,1.0,0.9999990463256836,1.0,0.706,0.0
L,2,quintuplet,12800,100,10,0.74,0.665,0.813,0.0,0.0,0.006301377611535321,1.0,0.9999990463256836,1.0,0.732,0.0
L,2,quintuplet,25600,100,10,0.766,0.694,0.836,0.0,0.0,0.0,1.0,1.0,1.0,0.751,0.0
L,2,quintuplet,51200,100,10,0.784,0.707,0.855,0.0,0.0,0.0,1.0,1.0,1.0,0.76,0.0
L,2,quintuplet,102400,100,10,0.818,0.747,0.883,0.0,0.0,0.0,1.0,1.0,1.0,0.768,0.0
L,2,random,50,10,10,0.0,0.0,0.0,3.2571665249627313,2.628807164132807,4.427873922874566,0.9899139404296875,0.9815521240234375,0.9971466064453125,0.0,3.2571665249627313
L,2,random,100,10,10,0.0,0.0,0.0,2.787142971977741,2.1714443499751543,4.023887881116332,0.9963054656982422,0.989863395690918,0.9992220401763916,0.0,2.787142971977741
L,2,random,200,10,10,0.0,0.0,0.0,2.5345387943269975,2.110626144528364,3.659209639670561,0.9984569549560547,0.9952266216278076,0.9996185302734375,0.0,2.5897321037056877
L,2,random,400,10,10,0.0,0.0,0.0,2.2139369614372826,1.456060995517765,3.269454764834304,0.9993190765380859,0.9983611106872559,0.9998188018798828,0.0,2.628807164132807
L,2,random,800,10,10,0.0,0.0,0.0,2.1845222077237594,1.2815509179449758,2.691012491703728,0.9996399879455566,0.9991879463195801,0.9998712539672852,0.0,3.945282767781492
L,2,random,1600,10,10,0.01,0.0,0.04,1.8939997768820458,1.2071803178720604,2.6825919207442213,0.9998188018798828,0.9995732307434082,0.9999618530273438,0.0,4.368182986553294
L,2,random,3200,10,10,0.02,0.0,0.06,1.456060995517765,1.0857221749875776,2.3704647630902898,0.9999227523803711,0.9998188018798828,0.9999752044677734,0.0,4.7772732291338
L,2,random,6400,10,10,0.04,0.0,0.11,1.2815509179449758,0.9892736753697087,1.9281588044621933,0.9999618530273438,0.999908447265625,0.9999904632568359,0.0,4.435527187944517
L,2,random,12800,10,10,0.09,0.01,0.21,1.171652705349697,0.45334424962767017,1.57354992892197,0.9999752044677734,0.9999494552612305,0.9999914169311523,0.0,4.894612367330945
L,2,random,25600,10,10,0.18,0.02,0.38,1.0577629291491113,0.41487020269552366,1.3412959603721106,0.9999904632568359,0.9999723434448242,0.9999990463256836,0.0,4.7772732291338
L,2,random,51200,10,10,0.26,0.07,0.5,0.4934124262313637,0.0,1.2114914471088127,0.9999971389770508,0.9999904632568359,1.0,0.0,4.694011977170107
L,2,random,102400,10,10,0.34,0.11,0.59,0.45367131591817067,0.0,1.0857221749875776,0.9999990463256836,0.9999947547912598,1.0,0.0,4.427873922874566
L,3,annealing,50,100,10,0.0,0.0,0.0,3.9006280258715296,2.878759151207634,5.068342423613327,0.9420347213745117,0.8428916931152344,0.9837229251861572,,
L,3,annealing,100,100,10,0.002,0.0,0.007,3.460237978715951,2.4820920296370157,4.652098989593402,0.9723811149597168,0.9080052375793457,0.9936597347259521,,
L,3,annealing,200,100,10,0.008,0.001,0.017,2.629254313701483,1.8450413473772889,3.928621733122721,0.9939117431640625,0.9703848361968994,0.9989709854125977,,
L,3,annealing,400,100,10,0.05,0.031,0.071,1.761825935169654,1.050960324064016,2.638928031100023,0.999384880065918,0.9961566925048828,0.999943733215332,,
L,3,annealing,800,100,10,0.166,0.119,0.218,1.0536414911876355,0.46401187274171474,1.658609826548837,0.9999580383300781,0.9996428489685059,0.9999971389770508,,
L,3,annealing,1600,100,10,0.296,0.236,0.363,0.6541697639985529,0.0,1.1456786712856903,0.9999942779541016,0.9999537467956543,1.0,,
L,3,annealing,3200,100,10,0.463,0.4,0.531,0.11589216440435443,0.0,0.8634887582148247,0.9999990463256836,0.9999933242797852,1.0,,
L,3,annealing,6400,100,10,0.592,0.527,0.658,0.0,0.0,0.5014738303378614,1.0,0.9999980926513672,1.0,,
L,3,annealing,12800,100,10,0.734,0.677,0.789,0.0,0.0,0.09984640368562751,1.0,0.9999990463256836,1.0,,
L,3,annealing,25600,100,10,0.864,0.824,0.902,0.0,0.0,0.0,1.0,1.0,1.0,,
L,3,annealing,51200,100,10,0.936,0.902,0.965,0.0,0.0,0.0,1.0,1.0,1.0,,
L,3,annealing,102400,100,10,0.985,0.97,0.996,0.0,0.0,0.0,1.0,1.0,1.0,,
L,3,quadruplet,50,100,10,0.005,0.0,0.012,2.400115327262098,1.8034546543105412,3.2116495667332785,0.9966592788696289,0.9911842346191406,0.9990928173065186,0.005,2.4895281164293266
L,3,quadruplet,100,100,10,0.011,0.003,0.02,2.0608304172360192,1.4171238906007977,2.677271089111645,0.9986515045166016,0.9964094161987305,0.9997284412384033,0.01,2.2003348431243515
L,3,quadruplet,200,100,10,0.04,0.019,0.065,1.5979853931272856,1.082625723382205,2.238062479837461,0.9996175765991211,0.998293399810791,0.9999523162841797,0.037,1.684634548788657
L,3,quadruplet,400,100,10,0.097,0.063,0.135,1.2237639278170542,0.7921803163761436,1.713906009735294,0.9999055862426758,0.9994254112243652,0.9999904632568359,0.093,1.3109843255719666
L,3,quadruplet,800,100,10,0.194,0.141,0.248,0.9733493913505239,0.21453213042191782,1.4072901193236873,0.9999637603759766,0.9997844696044922,0.9999990463256836,0.186,1.0300549262639644
L,3,quadruplet,1600,100,10,0.272,0.206,0.338,0.7316905010394303,0.0,1.2239367474313096,0.9999890327453613,0.9998891353607178,1.0,0.263,0.836203598348063
L,3,quadruplet,3200,100,10,0.339,0.262,0.415,0.5054315837288773,0.0,1.0233118677204138,0.9999961853027344,0.9999561309814453,1.0,0.325,0.6011374760478216
L,3,quadruplet,6400,100,10,0.397,0.318,0.48,0.36986710756896796,0.0,0.8886523764034692,0.9999980926513672,0.9999704360961914,1.0,0.381,0.4366848608635044
L,3,quadruplet,12800,100,10,0.446,0.362,0.529,0.1564527331203653,0.0,0.7212740664335796,0.9999990463256836,0.9999885559082031,1.0,0.419,0.2302059947045469
L,3,quadruplet,25600,100,10,0.521,0.437,0.603,0.0,0.0,0.5744166722770493,1.0,0.9999942779541016,1.0,0.476,0.07252619300010102
L,3,quadruplet,51200,100,10,0.582,0.5,0.662,0.0,0.0,0.4369827889589604,1.0,0.9999971389770508,1.0,0.504,0.0
L,3,quadruplet,102400,100,10,0.663,0.583,0.737,0.0,0.0,0.23092937591097407,1.0,0.9999990463256836,1.0,0.526,0.0
L,3,quintuplet,50,100,10,0.002,0.0,0.007,2.491541622762749,1.874968881567796,3.339172070706235,0.9958906173706055,0.9893817901611328,0.9986429214477539,0.002,2.507962126918251
L,3,quintuplet,100,100,10,0.008,0.002,0.016,2.042872381031926,1.4252197574841925,2.684132203899744,0.9987678527832031,0.9966189861297607,0.9997034072875977,0.008,2.0746780376664655
L,3,quintuplet,200,100,10,0.034,0.016,0.055,1.459735736201213,1.0239780410414778,2.053714803716506,0.999718189239502,0.9989509582519531,0.9999589920043945,0.032,1.511884789930538
L,3,quintuplet,400,100,10,0.097,0.068,0.13,1.1032590736236683,0.6431579342755157,1.5266657530824763,0.9999513626098633,0.9997248649597168,0.9999942779541016,0.094,1.1304982351827528
L,3,quintuplet,800,100,10,0.207,0.158,0.257,0.7854426166381313,0.11542114245006722,1.1488812990954749,0.9999895095825195,0.9999361038208008,0.9999990463256836,0.2,0.8057146831687264
L,3,quintuplet,1600,100,10,0.346,0.276,0.418,0.43638693276804835,0.0,0.9343796951355732,0.9999980926513672,0.9999692440032959,1.0,0.337,0.4580943644804273
L,3,quintuplet,3200,100,10,0.447,0.371,0.523,0.11542114245006722,0.0,0.716030069284889,0.9999990463256836,0.9999914169311523,1.0,0.437,0.11589216440435443
L,3,quintuplet,6400,100,10,0.532,0.453,0.612,0.0,0.0,0.505902946956365,1.0,0.999995231628418,1.0,0.524,0.0
L,3,quintuplet,12800,100,10,0.605,0.522,0.685,0.0,0.0,0.36005708567510764,1.0,0.9999980926513672,1.0,0.591,0.0
L,3,quintuplet,25600,100,10,0.658,0.578,0.733,0.0,0.0,0.2302059947045469,1.0,0.9999990463256836,1.0,0.626,0.0
L,3,quintuplet,51200,100,10,0.702,0.624,0.774,0.0,0.0,0.11318115302784212,1.0,0.9999990463256836,1.0,0.64,0.0
L,3,quintuplet,102400,100,10,0.748,0.678,0.813,0.0,0.0,0.009995418572233204,1.0,0.9999990463256836,1.0,0.639,0.0
L,3,random,50,10,10,0.0,0.0,0.0,3.305397475744832,2.599954369105967,3.930543517013487,0.990015983581543,0.9803128242492676,0.9966244697570801,0.0,3.305397475744832
L,3,random,100,10,10,0.0,0.0,0.0,3.1092948044533593,2.488579874413017,3.7394836689593722,0.9949522018432617,0.9890117645263672,0.9979958534240723,0.0,3.1092948044533593
L,3,random,200,10,10,0.0,0.0,0.0,2.8328254897403022,2.211613116121671,3.5792639547668825,0.9974355697631836,0.9951522350311279,0.9989509582519531,0.0,2.8461644723170796
L,3,random,400,10,10,0.0,0.0,0.0,2.4900208611480377,1.9228026887888687,3.1165065279055857,0.9985852241516113,0.9972383975982666,0.9993734359741211,0.0,2.761242859551282
L,3,random,800,10,10,0.0,0.0,0.0,2.1940382323097816,1.628859418585384,2.8357552069902283,0.9993257522583008,0.9988927841186523,0.9997515678405762,0.0,3.55847125017415
L,3,random,1600,10,10,0.0,0.0,0.0,1.7478614311565555,1.4784171829949577,2.5074204717077464,0.9996500015258789,0.9993140697479248,0.9999256134033203,0.0,4.452069007417263
L,3,random,3200,10,10,0.0,0.0,0.0,1.5609095259179449,1.0069471636278546,2.1268602853473446,0.9998836517333984,0.9996728897094727,0.9999535083770752,0.0,4.773389968008712
L,3,random,6400,10,10,0.01,0.0,0.04,1.4164127448701511,0.9607641919474159,1.7804597686761396,0.9999294281005859,0.9998836517333984,0.9999709129333496,0.0,4.866307001662777
L,3,random,12800,10,10,0.06,0.0,0.14,1.2311153162096056,0.7663464942196638,1.5609095259179449,0.9999704360961914,0.9999294281005859,0.9999942779541016,0.0,4.819654433410464
L,3,random,25600,10,10,0.08,0.01,0.18,0.921207103659637,0.719760499873026,1.4307265805560991,0.9999876022338867,0.9999692440032959,0.9999942779541016,0.0,5.184581908351707
L,3,random,51200,10,10,0.12,0.01,0.27,0.8326286644977934,0.46401187274171474,1.4164127448701511,0.9999904632568359,0.9999799728393555,0.9999980926513672,0.0,4.816622584310151
L,3,random,102400,10,10,0.19,0.04,0.38,0.719760499873026,0.32110736635001674,1.4164127448701511,0.9999971389770508,0.9999904632568359,0.9999990463256836,0.0,4.866307001662777
L,4,annealing,50,100,10,0.0,0.0,0.0,3.8125967163657797,2.7849128953152507,5.068591346776821,0.9303216934204102,0.8228437900543213,0.9813370704650879,,
L,4,annealing,100,100,10,0.001,0.0,0.005,3.257508405189113,2.2325356698154586,4.605554281166414,0.9757299423217773,0.9153671264648438,0.9943718910217285,,
L,4,annealing,200,100,10,0.012,0.004,0.022,2.3340210438941473,1.5183967208923992,3.5479079237466062,0.9958791732788086,0.9797577857971191,0.9993495941162109,,
L,4,annealing,400,100,10,0.067,0.038,0.099,1.4055146806212764,0.8086953505172265,2.3443982472937184,0.9996609687805176,0.9978733062744141,0.9999628067016602,,
L,4,annealing,800,100,10,0.202,0.146,0.26,0.8152089916215107,0.19941083551956076,1.341201707710047,0.9999675750732422,0.9997761249542236,0.9999990463256836,,
L,4,annealing,1600,100,10,0.317,0.256,0.382,0.5041987207258686,0.0,1.0134333327668563,0.999995231628418,0.9999492168426514,1.0,,
L,4,annealing,3200,100,10,0.404,0.339,0.473,0.19505129932554802,0.0,0.6820402447239374,0.9999990463256836,0.9999847412109375,1.0,,
L,4,annealing,6400,100,10,0.548,0.484,0.614,0.0,0.0,0.4368855248118568,1.0,0.9999971389770508,1.0,,
L,4,annealing,12800,100,10,0.672,0.61,0.734,0.0,0.0,0.18621696760050738,1.0,0.9999990463256836,1.0,,
L,4,annealing,25600,100,10,0.799,0.743,0.851,0.0,0.0,0.0,1.0,1.0,1.0,,
L,4,annealing,51200,100,10,0.889,0.845,0.931,0.0,0.0,0.0,1.0,1.0,1.0,,
L,4,annealing,102400,100,10,0.939,0.905,0.969,0.0,0.0,0.0,1.0,1.0,1.0,,
L,4,quadruplet,50,100,10,0.003,0.0,0.009,2.3665604312536574,1.7082013102020743,3.2221681024480513,0.9955253601074219,0.9879906177520752,0.9986541271209717,0.003,2.474243221657866
L,4,quadruplet,100,100,10,0.01,0.003,0.02,1.9375174034622407,1.3800398378910437,2.636145601845717,0.9985308647155762,0.9955501556396484,0.999671220779419,0.009,2.070196304284785
L,4,quadruplet,200,100,10,0.038,0.019,0.059,1.4426722655602393,0.9982215482931693,2.0565449424560445,0.999603271484375,0.9983458518981934,0.9999299049377441,0.037,1.565294603420293
L,4,quadruplet,400,100,10,0.103,0.066,0.143,1.0979389722461725,0.6258925492844137,1.5613632794064374,0.9998655319213867,0.999422550201416,0.9999878406524658,0.102,1.1972908115102165
L,4,quadruplet,800,100,10,0.181,0.127,0.234,0.7900854216786792,0.24447828691478315,1.213459060937256,0.9999637603759766,0.9997684955596924,0.9999990463256836,0.179,0.8838578905274557
L,4,quadruplet,1600,100,10,0.277,0.209,0.344,0.5599857523003661,0.0,1.0246348161611705,0.9999866485595703,0.9999072551727295,1.0,0.274,0.6275813472473923
L,4,quadruplet,3200,100,10,0.348,0.268,0.421,0.38676045681199833,0.0,0.8543210116621859,0.999995231628418,0.9999418258666992,1.0,0.341,0.4725781562817253
L,4,quadruplet,6400,100,10,0.386,0.305,0.464,0.3021990771754064,0.0,0.7018735018838217,0.9999971389770508,0.9999637603759766,1.0,0.375,0.3808523067690938
L,4,quadruplet,12800,100,10,0.435,0.35,0.521,0.15524158030876717,0.0,0.5708272322859096,0.9999990463256836,0.9999799728393555,1.0,0.416,0.2874449718337571
L,4,quadruplet,25600,100,10,0.463,0.373,0.548,0.055718403786342505,0.0,0.4549298059156192,0.9999990463256836,0.9999885559082031,1.0,0.431,0.2326745984085256
L,4,quadruplet,51200,100,10,0.501,0.413,0.583,0.0,0.0,0.36727454820618494,1.0,0.9999942779541016,1.0,0.45,0.15524158030876717
L,4,quadruplet,102400,100,10,0.548,0.465,0.628,0.0,0.0,0.2915457120982613,1.0,0.9999971389770508,1.0,0.462,0.0749692844889162
L,4,quintuplet,50,100,10,0.001,0.0,0.005,2.418873658409861,1.7667591257556468,3.3399042589693173,0.9951715469360352,0.9869747161865234,0.9983558654785156,0.001,2.4472753826685416
L,4,quintuplet,100,100,10,0.006,0.001,0.013,1.8958820524646487,1.3401546861390552,2.667263159997389,0.9987058639526367,0.9956388473510742,0.9996979236602783,0.006,1.979458832081351
L,4,quintuplet,200,100,10,0.034,0.017,0.053,1.4281085021461268,0.9441364382344843,2.006544389714867,0.9997014999389648,0.9988927841186523,0.9999361038208008,0.033,1.4583000118049427
L,4,quintuplet,400,100,10,0.1,0.064,0.14,0.9963689233676405,0.562867543050011,1.4055146806212764,0.9999256134033203,0.9996705055236816,0.9999923706054688,0.1,1.0486530874954925
L,4,quintuplet,800,100,10,0.184,0.137,0.236,0.6276117864933036,0.16561491005583417,1.0272377297362263,0.9999856948852539,0.9999065399169922,0.9999990463256836,0.183,0.6641166985214845
L,4,quintuplet,1600,100,10,0.324,0.261,0.387,0.37119127564680837,0.0,0.7907588304202995,0.9999961853027344,0.9999628067016602,1.0,0.321,0.388706536018253
L,4,quintuplet,3200,100,10,0.404,0.332,0.481,0.17652574000557433,0.0,0.6006680364882767,0.9999990463256836,0.9999818801879883,1.0,0.398,0.19130900943411028
L,4,quintuplet,6400,100,10,0.492,0.412,0.573,0.014876239937066068,0.0,0.4481324198884863,0.9999990463256836,0.999988317489624,1.0,0.483,0.021632851005811107
L,4,quintuplet,12800,100,10,0.55,0.469,0.628,0.0,0.0,0.3613753539896793,1.0,0.9999942779541016,1.0,0.535,0.0
L,4,quintuplet,25600,100,10,0.592,0.509,0.673,0.0,0.0,0.27864495265289607,1.0,0.9999961853027344,1.0,0.565,0.0
L,4,quintuplet,51200,100,10,0.625,0.543,0.703,0.0,0.0,0.16505089402853346,1.0,0.9999980926513672,1.0,0.58,0.0
L,4,quintuplet,102400,100,10,0.678,0.603,0.751,0.0,0.0,0.0959935520991679,1.0,0.9999990463256836,1.0,0.605,0.0
L,4,random,50,10,10,0.0,0.0,0.0,4.045845226470581,2.222439601971291,5.761105082479203,0.9856152534484863,0.9760768413543701,0.9925117492675781,0.0,4.045845226470581
L,4,random,100,10,10,0.01,0.0,0.04,3.4177152729349762,1.96441811721061,4.903973694103401,0.992743968963623,0.9873125553131104,0.9972915649414062,0.01,3.4177152729349762
L,4,random,200,10,10,0.01,0.0,0.04,2.809660924324393,1.6602399365771805,4.589448395148939,0.997035026550293,0.9939539432525635,0.9991970062255859,0.01,2.809660924324393
L,4,random,400,10,10,0.01,0.0,0.04,2.697230150980388,1.4683064374829653,4.12636193380165,0.9985604286193848,0.9971179962158203,0.9996099472045898,0.01,2.9220916976683977
L,4,random,800,10,10,0.01,0.0,0.04,2.430814531032384,1.2656814912426768,3.7867925438738657,0.9992756843566895,0.9984519481658936,0.9998049736022949,0.0,3.551645630979193
L,4,random,1600,10,10,0.01,0.0,0.04,2.342492631847248,1.135270746315396,3.431696370811429,0.9997172355651855,0.9993846416473389,0.9999189376831055,0.0,4.768913889336467
L,4,random,3200,10,10,0.01,0.0,0.04,1.9774830191889146,0.9865115804848212,3.0554279248820317,0.999847412109375,0.999678373336792,0.9999358654022217,0.0,4.749278897236625
L,4,random,6400,10,10,0.01,0.0,0.04,1.9480611317789318,0.737181487012547,2.674412008181046,0.9999237060546875,0.9998452663421631,0.9999732971191406,0.0,5.524806325900288
L,4,random,12800,10,10,0.04,0.0,0.12,1.3601061949850872,0.7245838000015167,2.3944173900545684,0.9999561309814453,0.9999198913574219,0.9999914169311523,0.0,4.979593357836357
L,4,random,25600,10,10,0.05,0.0,0.15,1.1696879391435089,0.5087107110948681,1.6561872975089866,0.9999847412109375,0.9999542236328125,0.999995231628418,0.0,5.201998686090658
L,4,random,51200,10,10,0.12,0.04,0.22,0.7251100987314161,0.2423796462392037,1.361367446474965,0.9999923706054688,0.9999845027923584,0.9999980926513672,0.0,5.3412979625882295
L,4,random,102400,10,10,0.16,0.06,0.29,0.47733146723130143,0.0959935520991679,1.3358627045054217,0.9999971389770508,0.9999923706054688,0.9999990463256836,0.0,5.4199650439303175
L,5,annealing,50,100,10,0.0,0.0,0.0,3.959027334311793,2.7838448632229738,5.408466422450062,0.9325056076049805,0.8387546539306641,0.982001543045044,,
L,5,annealing,100,100,10,0.0,0.0,0.0,3.3730572237973293,2.259002408380298,5.085022484389263,0.9686050415039062,0.904371976852417,0.9930853843688965,,
L,5,annealing,200,100,10,0.015,0.006,0.027,2.4682021399505922,1.4348424740236714,3.8892614886969925,0.9951696395874023,0.9768631458282471,0.9994397163391113,,
L,5,annealing,400,100,10,0.083,0.055,0.114,1.406882367735188,0.7754143350577857,2.4941282394974738,0.9996356964111328,0.9976191520690918,0.9999637603759766,,
L,5,annealing,800,100,10,0.21,0.155,0.27,0.7973022603875985,0.14618755042083004,1.4315787515144482,0.999964714050293,0.9997203350067139,0.9999980926513672,,
L,5,annealing,1600,100,10,0.354,0.287,0.427,0.4114577623327812,0.0,0.9194056738352153,0.999995231628418,0.9999508857727051,1.0,,
L,5,annealing,3200,100,10,0.47,0.403,0.543,0.06369606831675087,0.0,0.5435345654844592,0.9999990463256836,0.9999885559082031,1.0,,
L,5,annealing,6400,100,10,0.603,0.533,0.673,0.0,0.0,0.30990218921239604,1.0,0.9999978542327881,1.0,,
L,5,annealing,12800,100,10,0.706,0.645,0.765,0.0,0.0,0.0953550505809662,1.0,0.9999990463256836,1.0,,
L,5,annealing,25600,100,10,0.812,0.76,0.861,0.0,0.0,0.0,1.0,1.0,1.0,,
L,5,annealing,51200,100,10,0.925,0.89,0.955,0.0,0.0,0.0,1.0,1.0,1.0,,
L,5,annealing,102400,100,10,0.972,0.949,0.989,0.0,0.0,0.0,1.0,1.0,1.0,,
L,5,quadruplet,50,100,10,0.002,0.0,0.007,2.335763216043687,1.7266110367332155,3.527129677109114,0.9958276748657227,0.9893326759338379,0.9987366199493408,0.002,2.4519871707893044
L,5,quadruplet,100,100,10,0.01,0.002,0.022,1.9508745514478847,1.304364645488485,2.8315910813145067,0.9985008239746094,0.9952316284179688,0.9996685981750488,0.01,2.08314488625634
L,5,quadruplet,200,100,10,0.055,0.029,0.084,1.4502312887880748,0.951504931191237,2.0611218811931353,0.9995975494384766,0.9984159469604492,0.9999363422393799,0.055,1.6094234270133632
L,5,quadruplet,400,100,10,0.134,0.089,0.185,1.0550684897899214,0.4756329766789749,1.623640223827041,0.9998693466186523,0.9993247985839844,0.9999942779541016,0.134,1.1577888460722114
L,5,quadruplet,800,100,10,0.214,0.156,0.275,0.7612542631737631,0.09728498724941997,1.242490758531083,0.9999704360961914,0.9997332096099854,0.9999990463256836,0.214,0.810811147251741
L,5,quadruplet,1600,100,10,0.298,0.229,0.374,0.4733060523743257,0.0,1.0087364014767837,0.9999885559082031,0.999871015548706,1.0,0.297,0.5128319708325156
L,5,quadruplet,3200,100,10,0.359,0.282,0.444,0.2004871029496335,0.0,0.8364975863032347,0.999995231628418,0.9999396800994873,1.0,0.355,0.21100010771228622
L,5,quadruplet,6400,100,10,0.403,0.321,0.491,0.13086080824616542,0.0,0.6721956510926708,0.9999980926513672,0.999969482421875,1.0,0.397,0.13511716655012349
L,5,quadruplet,12800,100,10,0.43,0.35,0.522,0.09615808085974828,0.0,0.5151859175558843,0.9999990463256836,0.9999818801879883,1.0,0.412,0.1290761484501864
L,5,quadruplet,25600,100,10,0.466,0.383,0.555,0.06638394628762893,0.0,0.4422075099610849,0.9999990463256836,0.9999885559082031,1.0,0.439,0.09611419608299014
L,5,quadruplet,51200,100,10,0.51,0.427,0.594,0.0,0.0,0.32119131706414505,1.0,0.9999942779541016,1.0,0.451,0.091987875299944
L,5,quadruplet,102400,100,10,0.572,0.49,0.653,0.0,0.0,0.21100010771228622,1.0,0.9999971389770508,1.0,0.47,0.06990451144345496
L,5,quintuplet,50,100,10,0.004,0.0,0.011,2.393895962447319,1.7608228923854325,3.720620457390711,0.9951229095458984,0.9877386093139648,0.9984385967254639,0.004,2.4200176065168524
L,5,quintuplet,100,100,10,0.006,0.001,0.013,1.9297086807693888,1.3291038539712048,2.9642949833750416,0.9986262321472168,0.9957900047302246,0.9996368885040283,0.006,1.9797219674217086
L,5,quintuplet,200,100,10,0.044,0.025,0.066,1.3792351220365822,0.8838692271005999,2.027230233651413,0.9996881484985352,0.9987442493438721,0.9999513626098633,0.044,1.4402909357292706
L,5,quintuplet,400,100,10,0.124,0.086,0.163,0.9451776637403868,0.4756329766789749,1.435356419365886,0.9999299049377441,0.9995803833007812,0.999995231628418,0.124,0.9880076333942156
L,5,quintuplet,800,100,10,0.234,0.177,0.291,0.5602427639460317,0.06366094010227777,0.976922580922297,0.9999837875366211,0.9998750686645508,0.9999990463256836,0.234,0.5852285006799952
L,5,quintuplet,1600,100,10,0.337,0.269,0.406,0.3104939183092269,0.0,0.7418813443202408,0.9999961853027344,0.999964714050293,1.0,0.336,0.3134776894128949
L,5,quintuplet,3200,100,10,0.428,0.347,0.501,0.09759925595317795,0.0,0.5430096483457727,0.9999990463256836,0.9999818801879883,1.0,0.424,0.10542210160324528
L,5,quintuplet,6400,100,10,0.515,0.435,0.594,0.0,0.0,0.38657426390298655,1.0,0.9999921321868896,1.0,0.51,0.0
L,5,quintuplet,12800,100,10,0.537,0.453,0.616,0.0,0.0,0.2880722252242256,1.0,0.9999942779541016,1.0,0.527,0.0
L,5,quintuplet,25600,100,10,0.57,0.487,0.649,0.0,0.0,0.20422241951902337,1.0,0.999995231628418,1.0,0.55,0.0
L,5,quintuplet,51200,100,10,0.612,0.531,0.692,0.0,0.0,0.1394450064840258,1.0,0.9999971389770508,1.0,0.566,0.0
L,5,quintuplet,102400,100,10,0.664,0.585,0.742,0.0,0.0,0.11015324466858646,1.0,0.9999990463256836,1.0,0.581,0.0
L,5,random,50,10,10,0.0,0.0,0.0,2.416897572426602,1.7371717874295936,4.0441884252360625,0.9908571243286133,0.9757339954376221,0.995758056640625,0.0,2.416897572426602
L,5,random,100,10,10,0.0,0.0,0.0,1.9773221122955063,1.5134306292916588,3.536917767943675,0.9944257736206055,0.9887523651123047,0.9971144199371338,0.0,1.9773221122955063
L,5,random,200,10,10,0.0,0.0,0.0,1.7348506494361606,1.4183422657184663,2.9702744192730686,0.9970121383666992,0.9949023723602295,0.9991302490234375,0.0,1.8416077357070428
L,5,random,400,10,10,0.0,0.0,0.0,1.6550140497252148,1.19091003104967,2.472468568610273,0.9983334541320801,0.996544361114502,0.9993364810943604,0.0,2.108989191182017
L,5,random,800,10,10,0.0,0.0,0.0,1.439947602109545,0.9059228563522783,2.348511652130111,0.9992470741271973,0.9984643459320068,0.9996206760406494,0.0,3.3202432132950666
L,5,random,1600,10,10,0.0,0.0,0.0,1.2424740131931955,0.8127462493828201,2.1691893085716534,0.9995059967041016,0.9991455078125,0.9998035430908203,0.0,3.5622672413350394
L,5,random,3200,10,10,0.01,0.0,0.04,0.9704494431977578,0.6610583647848717,1.9162208176331037,0.9997854232788086,0.9996137619018555,0.9999172687530518,0.0,3.606480693324251
L,5,random,6400,10,10,0.02,0.0,0.07,0.8212533888709226,0.43288648021950094,1.2872386531719173,0.9999017715454102,0.9997701644897461,0.9999675750732422,0.0,3.5370232173901073
L,5,random,12800,10,10,0.05,0.0,0.13,0.6263948551732499,0.21123242611799464,1.0802948302905102,0.9999604225158691,0.9999103546142578,0.9999799728393555,0.0,3.6856881400991055
L,5,random,25600,10,10,0.09,0.0,0.23,0.46603513420234843,0.14532651272103542,0.8864316620213192,0.9999799728393555,0.9999637603759766,0.9999909400939941,0.0,3.6716372180015835
L,5,random,51200,10,10,0.19,0.08,0.32,0.29219910120724935,0.07960653060379448,0.640748675364075,0.9999899864196777,0.9999780654907227,0.9999961853027344,0.0,3.629355755661931
L,5,random,102400,10,10,0.35,0.18,0.55,0.13298898739814446,0.0,0.4285799760612438,0.9999961853027344,0.9999904632568359,1.0,0.0,3.898853486153647
W,1,annealing,50,100,10,0.005,0.0,0.012,4.1478067789217015,3.0899491173457125,5.087989824030529,0.9629154205322266,0.912109375,0.9913971424102783,,
W,1,annealing,100,100,10,0.005,0.0,0.013,3.7367949319753095,2.491196621316874,4.87768608679754,0.9846649169921875,0.9407958984375,0.99786376953125,,
W,1,annealing,200,100,10,0.038,0.022,0.057,3.2288294111823,2.1525529407882,4.352130565875495,0.9960594177246094,0.9749631881713867,0.9993934631347656,,
W,1,annealing,400,100,10,0.129,0.088,0.174,2.1760652829377465,1.179535649239178,3.3856589561212713,0.99945068359375,0.9954357147216797,0.9999713897705078,,
W,1,annealing,800,100,10,0.267,0.209,0.328,1.3415097860810192,0.0,2.2281939962329327,0.9999618530273438,0.9994773864746094,1.0,,
W,1,annealing,1600,100,10,0.45,0.38,0.519,0.9218029704835162,0.0,1.6245538642137904,0.9999990463256836,0.9999542236328125,1.0,,
W,1,annealing,3200,100,10,0.601,0.53,0.671,0.0,0.0,1.2455983106584367,1.0,0.9999980926513672,1.0,,
W,1,annealing,6400,100,10,0.726,0.66,0.794,0.0,0.0,0.8821923576881215,1.0,0.9999990463256836,1.0,,
W,1,annealing,12800,100,10,0.812,0.749,0.874,0.0,0.0,0.0,1.0,1.0,1.0,,
W,1,annealing,25600,100,10,0.862,0.805,0.919,0.0,0.0,0.0,1.0,1.0,1.0,,
W,1,annealing,51200,100,10,0.916,0.866,0.959,0.0,0.0,0.0,1.0,1.0,1.0,,
W,1,annealing,102400,100,10,0.934,0.888,0.973,0.0,0.0,0.0,1.0,1.0,1.0,,
W,1,quadruplet,50,100,10,0.028,0.012,0.047,2.333839863966313,1.6681153124565984,3.2491077284275813,0.9989356994628906,0.99664306640625,0.999821662902832,0.025,2.491196621316873
W,1,quadruplet,100,100,10,0.06,0.037,0.086,2.065591117977289,1.2609766499825612,2.683085072371466,0.9997329711914062,0.9985008239746094,0.9999618530273438,0.053,2.1525529407882
W,1,quadruplet,200,100,10,0.12,0.085,0.158,1.5449745586728567,1.0762764703941,2.2281939962329322,0.9999537467956543,0.99969482421875,0.9999980926513672,0.106,1.6591227115686804
W,1,quadruplet,400,100,10,0.259,0.207,0.316,1.179535649239178,0.0,1.7228220865861295,0.9999914169311523,0.9999303817749023,1.0,0.236,1.2455983106584372
W,1,quadruplet,800,100,10,0.392,0.326,0.459,0.9755372173595077,0.0,1.3770607453181927,0.9999990463256836,0.9999618530273438,1.0,0.353,1.1669199319831565
W,1,quadruplet,1600,100,10,0.564,0.489,0.642,0.0,0.0,1.179535649239178,1.0,0.9999942779541016,1.0,0.494,0.5393598899705938
W,1,quadruplet,3200,100,10,0.637,0.561,0.715,0.0,0.0,1.032795558988645,1.0,0.9999990463256836,1.0,0.547,0.0
W,1,quadruplet,6400,100,10,0.725,0.651,0.797,0.0,0.0,0.8386278693775345,1.0,0.9999990463256836,1.0,0.602,0.0
W,1,quadruplet,12800,100,10,0.779,0.705,0.842,0.0,0.0,0.0,1.0,1.0,1.0,0.631,0.0
W,1,quadruplet,25600,100,10,0.835,0.77,0.889,0.0,0.0,0.0,1.0,1.0,1.0,0.641,0.0
W,1,quadruplet,51200,100,10,0.883,0.824,0.931,0.0,0.0,0.0,1.0,1.0,1.0,0.649,0.0
W,1,quadruplet,102400,100,10,0.906,0.851,0.951,0.0,0.0,0.0,1.0,1.0,1.0,0.642,0.0
W,1,quintuplet,50,100,10,0.027,0.013,0.044,2.3094010767585034,1.677255738755069,3.318245423137361,0.9989356994628906,0.99664306640625,0.9997854232788086,0.027,2.359071298478355
W,1,quintuplet,100,100,10,0.078,0.048,0.115,2.065591117977289,1.245598310658437,2.587046667054219,0.9997406005859375,0.9989356994628906,0.9999713897705078,0.073,2.073163354853558
W,1,quintuplet,200,100,10,0.144,0.104,0.187,1.523809523809524,1.0327955589886444,2.2281939962329322,0.9999618530273438,0.9997329711914062,0.9999990463256836,0.13,1.5449745586728567
W,1,quintuplet,400,100,10,0.314,0.255,0.375,1.0762764703941,0.0,1.5449745586728565,0.9999980926513672,0.9999594688415527,1.0,0.301,1.1036363826574722
W,1,quintuplet,800,100,10,0.469,0.405,0.534,0.7698003589195013,0.0,1.2455983106584367,0.9999990463256836,0.9999914169311523,1.0,0.456,0.8295613557843402
W,1,quintuplet,1600,100,10,0.669,0.598,0.735,0.0,0.0,1.032795558988644,1.0,0.9999990463256836,1.0,0.643,0.0
W,1,quintuplet,3200,100,10,0.785,0.722,0.841,0.0,0.0,0.0,1.0,1.0,1.0,0.758,0.0
W,1,quintuplet,6400,100,10,0.865,0.81,0.914,0.0,0.0,0.0,1.0,1.0,1.0,0.833,0.0
W,1,quintuplet,12800,100,10,0.909,0.86,0.951,0.0,0.0,0.0,1.0,1.0,1.0,0.871,0.0
W,1,quintuplet,25600,100,10,0.948,0.913,0.976,0.0,0.0,0.0,1.0,1.0,1.0,0.894,0.0
W,1,quintuplet,51200,100,10,0.978,0.954,0.996,0.0,0.0,0.0,1.0,1.0,1.0,0.906,0.0
W,1,quintuplet,102400,100,10,0.988,0.97,1.0,0.0,0.0,0.0,1.0,1.0,1.0,0.913,0.0
W,1,random,50,10,10,0.0,0.0,0.0,3.7453167102761786,2.683019572162038,4.982393242633747,0.9940948486328125,0.9847488403320312,0.9986286163330078,0.0,3.7453167102761786
W,1,random,100,10,10,0.0,0.0,0.0,2.9871153498487857,2.1760652829377465,4.980344139835737,0.9981155395507812,0.9931516647338867,0.99945068359375,0.0,3.047619047619048
W,1,random,200,10,10,0.01,0.0,0.05,2.6832815729997477,1.9510744347190159,4.463086569414301,0.9990005493164062,0.9980335235595703,0.9997251033782959,0.0,2.808987532707134
W,1,random,400,10,10,0.04,0.0,0.11,2.6832815729997477,1.7888543819998317,3.7773877821196384,0.99945068359375,0.9982223510742188,0.9997415542602539,0.02,2.9871153498487857
W,1,random,800,10,10,0.05,0.0,0.13,1.9118663949285526,1.341509786081019,3.424370802911697,0.9997329711914062,0.9991025924682617,0.9998779296875,0.03,4.024529358243057
W,1,random,1600,10,10,0.13,0.0,0.29,1.7888543819998317,0.9755372173595079,3.047619047619048,0.9998397827148438,0.9997224807739258,0.9999923706054688,0.0,4.571428571428572
W,1,random,3200,10,10,0.22,0.02,0.44,1.523809523809524,0.8944271909999159,2.56011192985373,0.9999675750732422,0.9997711181640625,0.9999942779541016,0.0,4.724557329113056
W,1,random,6400,10,10,0.3,0.07,0.56,1.341509786081019,0.0,2.2829138686077974,0.9999923706054688,0.9998836517333984,1.0,0.0,4.626537229636897
W,1,random,12800,10,10,0.33,0.1,0.58,0.9559331974642761,0.0,1.8856571072343105,0.9999923706054688,0.9999675750732422,1.0,0.01,4.681645887845223
W,1,random,25600,10,10,0.4,0.14,0.69,0.91537818428448,0.0,1.523809523809524,0.9999942779541016,0.9999885559082031,1.0,0.0,4.87768608679754
W,1,random,51200,10,10,0.5,0.26,0.76,0.27668578554643003,0.0,1.2695761795140823,0.9999995231628418,0.9999923706054688,1.0,0.0,4.929015113316638
W,1,random,102400,10,10,0.6,0.37,0.82,0.0,0.0,0.9363291775690442,1.0,0.9999942779541016,1.0,0.0,5.366039144324077
W,2,annealing,50,100,10,0.0,0.0,0.0,4.032393299125636,2.8647230895284608,5.555434566602807,0.9280462265014648,0.8152408599853516,0.9809484481811523,,
W,2,annealing,100,100,10,0.004,0.0,0.01,3.6230671334547377,2.4307372937053846,5.047816201167604,0.9665608406066895,0.9055252075195312,0.9923114776611328,,
W,2,annealing,200,100,10,0.028,0.014,0.044,2.541571252063166,1.5659806662342057,4.059153308151071,0.9941139221191406,0.9696927070617676,0.9993190765380859,,
W,2,annealing,400,100,10,0.14,0.1,0.184,1.3940458884206102,0.6442028734954208,2.4021754138793163,0.9997377395629883,0.9977626800537109,0.9999904632568359,,
W,2,annealing,800,100,10,0.362,0.293,0.431,0.6919585951447695,0.0,1.3798258184903365,0.9999904632568359,0.999793529510498,1.0,,
W,2,annealing,1600,100,10,0.519,0.449,0.586,0.0,0.0,0.7866837240336598,1.0,0.9999847412109375,1.0,,
W,2,annealing,3200,100,10,0.64,0.57,0.708,0.0,0.0,0.5182961797502887,1.0,0.999995231628418,1.0,,
W,2,annealing,6400,100,10,0.746,0.686,0.804,0.0,0.0,0.0047770572071306645,1.0,0.9999990463256836,1.0,,
W,2,annealing,12800,100,10,0.824,0.771,0.876,0.0,0.0,0.0,1.0,1.0,1.0,,
W,2,annealing,25600,100,10,0.898,0.855,0.94,0.0,0.0,0.0,1.0,1.0,1.0,,
W,2,annealing,51200,100,10,0.957,0.928,0.981,0.0,0.0,0.0,1.0,1.0,1.0,,
W,2,annealing,102400,100,10,0.982,0.959,0.997,0.0,0.0,0.0,1.0,1.0,1.0,,
W,2,quadruplet,50,100,10,0.008,0.001,0.018,2.2776295850374724,1.6492335253049644,3.464619880966752,0.9970030784606934,0.9916725158691406,0.9991674423217773,0.008,2.38023728505369
W,2,quadruplet,100,100,10,0.028,0.014,0.045,1.9587700471559615,1.2255938009861704,2.713120595186025,0.9990262985229492,0.9969131946563721,0.9998574256896973,0.026,2.0853534622670855
W,2,quadruplet,200,100,10,0.073,0.045,0.105,1.404366766335623,0.8798240782742733,2.0724436747212533,0.9998111724853516,0.998856782913208,0.9999790191650391,0.067,1.5319492498644947
W,2,quadruplet,400,100,10,0.188,0.141,0.24,0.9802629520158275,0.35118311748210085,1.501287999268134,0.9999532699584961,0.999699592590332,0.9999990463256836,0.176,1.0489704389480394
W,2,quadruplet,800,100,10,0.296,0.235,0.362,0.7081211823268465,0.0,1.1284960496052188,0.9999923706054688,0.9998812675476074,1.0,0.282,0.7558463966030841
W,2,quadruplet,1600,100,10,0.429,0.353,0.512,0.27173754994064714,0.0,0.931326967381602,0.9999980926513672,0.9999387264251709,1.0,0.406,0.35984044004333393
W,2,quadruplet,3200,100,10,0.502,0.423,0.589,0.0,0.0,0.7780448938667006,1.0,0.9999740123748779,1.0,0.48,0.078968168950564
W,2,quadruplet,6400,100,10,0.562,0.479,0.647,0.0,0.0,0.6208846449210673,1.0,0.9999904632568359,1.0,0.532,0.0
W,2,quadruplet,12800,100,10,0.617,0.539,0.699,0.0,0.0,0.3647409959137773,1.0,0.9999940395355225,1.0,0.567,0.0
W,2,quadruplet,25600,100,10,0.665,0.585,0.743,0.0,0.0,0.19852370696404764,1.0,0.9999980926513672,1.0,0.594,0.0
W,2,quadruplet,51200,100,10,0.694,0.616,0.771,0.0,0.0,0.13413276356980547,1.0,0.9999990463256836,1.0,0.596,0.0
W,2,quadruplet,102400,100,10,0.75,0.678,0.82,0.0,0.0,0.0006393224739731419,1.0,0.9999997615814209,1.0,0.606,0.0
W,2,quintuplet,50,100,10,0.008,0.0,0.019,2.336619712676643,1.7300291237744285,3.665054267083875,0.9964313507080078,0.9900140762329102,0.9990272521972656,0.007,2.3670930001198447
W,2,quintuplet,100,100,10,0.024,0.009,0.043,1.9562835223919692,1.2542589043615113,2.831829091742346,0.9989805221557617,0.9966742992401123,0.9998226165771484,0.023,2.0133829607652767
W,2,quintuplet,200,100,10,0.071,0.042,0.107,1.392266390948861,0.8801081548864327,2.1387307515557583,0.9998106956481934,0.9991321563720703,0.9999687671661377,0.067,1.4564079552860838
W,2,quintuplet,400,100,10,0.163,0.121,0.212,0.9561779202287353,0.47052626603158315,1.4506412543671936,0.9999618530273438,0.9998080730438232,0.9999980926513672,0.153,0.9919565388370247
W,2,quintuplet,800,100,10,0.311,0.249,0.375,0.5996915430180467,0.0,0.9971243373658639,0.9999942779541016,0.9999351501464844,1.0,0.302,0.609599928871656
W,2,quintuplet,1600,100,10,0.46,0.382,0.537,0.10153154449727908,0.0,0.7328819887209869,0.9999990463256836,0.9999847412109375,1.0,0.446,0.12592982978803055
W,2,quintuplet,3200,100,10,0.592,0.514,0.672,0.0,0.0,0.4616641407983933,1.0,0.9999933242797852,1.0,0.577,0.0
W,2,quintuplet,6400,100,10,0.683,0.607,0.758,0.0,0.0,0.1559981623719756,1.0,0.9999980926513672,1.0,0.659,0.0
W,2,quintuplet,12800,100,10,0.741,0.67,0.808,0.0,0.0,0.0047770572071306645,1.0,0.9999990463256836,1.0,0.714,0.0
W,2,quintuplet,25600,100,10,0.773,0.702,0.84,0.0,0.0,0.0,1.0,1.0,1.0,0.737,0.0
W,2,quintuplet,51200,100,10,0.809,0.742,0.873,0.0,0.0,0.0,1.0,1.0,1.0,0.757,0.0
W,2,quintuplet,102400,100,10,0.852,0.79,0.909,0.0,0.0,0.0,1.0,1.0,1.0,0.781,0.0
W,2,random,50,10,10,0.0,0.0,0.0,2.8305131121272304,2.303755668900923,3.770138291816664,0.9924802780151367,0.981928825378418,0.9964313507080078,0.0,2.8305131121272304
W,2,random,100,10,10,0.02,0.0,0.06,2.602373588111633,2.110613149550001,3.6103878030500027,0.9955120086669922,0.9895586967468262,0.9975192546844482,0.02,2.602373588111633
W,2,random,200,10,10,0.02,0.0,0.06,2.336619712676643,2.023551554505455,3.292362562347879,0.9967260360717773,0.9935629367828369,0.9990780353546143,0.02,2.3655422887024207
W,2,random,400,10,10,0.02,0.0,0.06,2.029422116583633,1.6269776580089732,2.8739914482531557,0.9988718032836914,0.9972238540649414,0.9995641708374023,0.01,2.6168761183839013
W,2,random,800,10,10,0.02,0.0,0.06,1.7668502777466173,1.1972324323640995,2.7639406754073246,0.9994010925292969,0.9988718032836914,0.9997949600219727,0.01,3.203435008049484
W,2,random,1600,10,10,0.02,0.0,0.06,1.4525634880068237,1.1683098563383214,2.3265935348229134,0.9997377395629883,0.9995450973510742,0.9999370574951172,0.0,3.89234697163346
W,2,random,3200,10,10,0.03,0.0,0.09,1.3651144250191227,1.130764853745222,2.1949083748985863,0.9998564720153809,0.9996700286865234,0.9999544620513916,0.0,4.1764276899399295
W,2,random,6400,10,10,0.06,0.0,0.14,1.1726698575957908,0.8554092251177813,1.8917080436151954,0.9999456405639648,0.9997985363006592,0.9999847412109375,0.0,4.189451843418162
W,2,random,12800,10,10,0.09,0.01,0.2,0.993778014352385,0.7337827438926411,1.481246062844098,0.9999637603759766,0.9999456405639648,0.9999933242797852,0.0,4.2508481593377
W,2,random,25600,10,10,0.15,0.02,0.31,0.8554092251177813,0.45667152138749334,1.3845154481524327,0.9999895095825195,0.9999561309814453,0.9999961853027344,0.0,4.273420208841665
W,2,random,51200,10,10,0.2,0.04,0.38,0.5866667159713483,0.17889184324340582,1.0586005826417308,0.999995231628418,0.9999885559082031,0.9999990463256836,0.0,4.41089805393756
W,2,random,102400,10,10,0.27,0.07,0.48,0.5342886701582233,0.0,0.9553955889418335,0.9999961853027344,0.9999940395355225,1.0,0.0,4.196850180481216
W,3,annealing,50,100,10,0.0,0.0,0.0,3.873673327987493,2.745782336364446,5.365662589059417,0.9244537353515625,0.8196196556091309,0.9767072200775146,,
W,3,annealing,100,100,10,0.001,0.0,0.005,3.3538880357096277,2.2349923719525635,4.9391787285598445,0.9682402610778809,0.8909661769866943,0.9927701950073242,,
W,3,annealing,200,100,10,0.032,0.016,0.051,2.2713109642292983,1.3909047857714563,3.7188560989804778,0.9959421157836914,0.9777042865753174,0.9994392395019531,,
W,3,annealing,400,100,10,0.189,0.134,0.249,1.0517123206150596,0.35553168322935313,1.987228961261558,0.9998693466186523,0.9984827041625977,0.9999961853027344,,
W,3,annealing,800,100,10,0.359,0.283,0.439,0.46675872326666373,0.0,1.1316355738580575,0.9999904632568359,0.9998197555541992,1.0,,
W,3,annealing,1600,100,10,0.479,0.41,0.555,0.08201962307139393,0.0,0.7278942823842859,0.9999990463256836,0.9999685287475586,1.0,,
W,3,annealing,3200,100,10,0.598,0.532,0.664,0.0,0.0,0.3425309905360709,1.0,0.9999942779541016,1.0,,
W,3,annealing,6400,100,10,0.716,0.657,0.774,0.0,0.0,0.10316169457342134,1.0,0.9999990463256836,1.0,,
W,3,annealing,12800,100,10,0.797,0.742,0.851,0.0,0.0,0.0,1.0,1.0,1.0,,
W,3,annealing,25600,100,10,0.894,0.852,0.933,0.0,0.0,0.0,1.0,1.0,1.0,,
W,3,annealing,51200,100,10,0.939,0.905,0.967,0.0,0.0,0.0,1.0,1.0,1.0,,
W,3,annealing,102400,100,10,0.977,0.957,0.992,0.0,0.0,0.0,1.0,1.0,1.0,,
W,3,quadruplet,50,100,10,0.003,0.0,0.009,2.278023717080404,1.5873024954601915,3.4877636308038165,0.9962015151977539,0.9896819591522217,0.9989302158355713,0.003,2.3684399648540007
W,3,quadruplet,100,100,10,0.014,0.005,0.026,1.944548573061088,1.3009271920727836,2.726197652577049,0.9985771179199219,0.9956815242767334,0.9997196197509766,0.014,2.073622840998847
W,3,quadruplet,200,100,10,0.043,0.024,0.065,1.4164936314820653,0.9338701757391737,2.072753867027723,0.9995684623718262,0.9984705448150635,0.9999494552612305,0.042,1.626444620634517
W,3,quadruplet,400,100,10,0.124,0.088,0.164,1.0508021966364072,0.56463063307829,1.5252906262609303,0.9998970031738281,0.9994020462036133,0.9999942779541016,0.121,1.1593034496911394
W,3,quadruplet,800,100,10,0.237,0.177,0.301,0.7239618441827789,0.08884550941248068,1.1316355738580575,0.9999732971191406,0.999769926071167,0.9999990463256836,0.234,0.8110741203692116
W,3,quadruplet,1600,100,10,0.35,0.276,0.427,0.4229446957964159,0.0,0.9271014582996853,0.9999942779541016,0.9998922348022461,1.0,0.345,0.5246982288407825
W,3,quadruplet,3200,100,10,0.432,0.35,0.516,0.1682826631558548,0.0,0.730642922477964,0.9999980926513672,0.999932050704956,1.0,0.421,0.2504431187461096
W,3,quadruplet,6400,100,10,0.504,0.42,0.588,0.0,0.0,0.5890439300642478,1.0,0.9999704360961914,1.0,0.483,0.06572433067344562
W,3,quadruplet,12800,100,10,0.54,0.453,0.62,0.0,0.0,0.43395732932275155,1.0,0.9999885559082031,1.0,0.503,0.0
W,3,quadruplet,25600,100,10,0.583,0.498,0.667,0.0,0.0,0.28010767216833893,1.0,0.9999933242797852,1.0,0.523,0.0
W,3,quadruplet,51200,100,10,0.635,0.553,0.716,0.0,0.0,0.18843135299287578,1.0,0.9999971389770508,1.0,0.531,0.0
W,3,quadruplet,102400,100,10,0.693,0.615,0.768,0.0,0.0,0.11741652278281382,1.0,0.9999990463256836,1.0,0.543,0.0
W,3,quintuplet,50,100,10,0.001,0.0,0.004,2.3150595537930236,1.607082682925321,3.626894037957437,0.9956245422363281,0.9883277416229248,0.9985635280609131,0.001,2.3470712143031713
W,3,quintuplet,100,100,10,0.008,0.002,0.017,1.9665098719645844,1.3129316850637405,2.8488163615464765,0.9985771179199219,0.9959893226623535,0.9996895790100098,0.008,2.003913042285297
W,3,quintuplet,200,100,10,0.028,0.015,0.043,1.416051328896389,0.9785470707079518,2.1553406728515294,0.9996457099914551,0.9986507892608643,0.999934196472168,0.027,1.517856988534666
W,3,quintuplet,400,100,10,0.098,0.07,0.129,1.0194456272470171,0.5858766223495823,1.4561101778199201,0.9999237060546875,0.999603271484375,0.9999933242797852,0.095,1.0528500726313494
W,3,quintuplet,800,100,10,0.245,0.193,0.299,0.6258375458272675,0.02737258051892771,1.0194456272470171,0.9999885559082031,0.9998922348022461,0.9999990463256836,0.243,0.6518775477314107
W,3,quintuplet,1600,100,10,0.388,0.319,0.457,0.276348298455859,0.0,0.7299382508468639,0.9999980926513672,0.9999527931213379,1.0,0.384,0.3024804850719551
W,3,quintuplet,3200,100,10,0.52,0.439,0.597,0.0,0.0,0.5021000069879105,1.0,0.9999847412109375,1.0,0.519,0.0
W,3,quintuplet,6400,100,10,0.593,0.515,0.668,0.0,0.0,0.32593877386570536,1.0,0.9999942779541016,1.0,0.582,0.0
W,3,quintuplet,12800,100,10,0.664,0.589,0.736,0.0,0.0,0.16512035015321297,1.0,0.9999971389770508,1.0,0.643,0.0
W,3,quintuplet,25600,100,10,0.694,0.619,0.769,0.0,0.0,0.10316169457342134,1.0,0.9999990463256836,1.0,0.659,0.0
W,3,quintuplet,51200,100,10,0.745,0.668,0.815,0.0,0.0,0.004143540539698894,1.0,0.9999990463256836,1.0,0.68,0.0
W,3,quintuplet,102400,100,10,0.782,0.71,0.848,0.0,0.0,0.0,1.0,1.0,1.0,0.683,0.0
W,3,random,50,10,10,0.0,0.0,0.0,2.696528623124653,1.9038351916857088,4.660976342307841,0.9860868453979492,0.9776074886322021,0.9950535297393799,0.0,2.696528623124653
W,3,random,100,10,10,0.0,0.0,0.0,2.5210277596605715,1.621685411838599,4.485621814570991,0.9947147369384766,0.9855458736419678,0.9970479011535645,0.0,2.5210277596605715
W,3,random,200,10,10,0.0,0.0,0.0,2.0198235455200706,1.0605378886177623,4.217672859859883,0.9978013038635254,0.9953775405883789,0.9986810684204102,0.0,2.399168258773071
W,3,random,400,10,10,0.01,0.0,0.05,1.815383287470434,1.0587383537588233,4.018770019229475,0.9982643127441406,0.9969136714935303,0.9993369579315186,0.0,2.724426970182548
W,3,random,800,10,10,0.01,0.0,0.05,1.5729840849991574,1.026634778310152,3.343141503225283,0.9994444847106934,0.9983391761779785,0.9997162818908691,0.0,3.1181879057590463
W,3,random,1600,10,10,0.01,0.0,0.05,1.2980781017497542,0.7792801156867629,2.8660869467538106,0.9995927810668945,0.9993798732757568,0.9998974800109863,0.0,3.721480348698107
W,3,random,3200,10,10,0.02,0.0,0.06,1.190545432467492,0.6217245279557458,2.6117131944958207,0.9998722076416016,0.9996342658996582,0.99993896484375,0.0,4.053745205487878
W,3,random,6400,10,10,0.03,0.0,0.09,1.0528500726313494,0.5834940639028325,2.1016594288628463,0.9999151229858398,0.9998626708984375,0.9999735355377197,0.0,3.7815416394908583
W,3,random,12800,10,10,0.07,0.0,0.17,0.9995338887058252,0.4742371219408929,1.9906649075252818,0.9999732971191406,0.9999275207519531,0.9999885559082031,0.0,3.988451368920045
W,3,random,25600,10,10,0.14,0.0,0.31,0.7163083105266002,0.41117305471455995,1.5726560711135877,0.9999866485595703,0.9999704360961914,0.9999942779541016,0.0,4.003410054756516
W,3,random,51200,10,10,0.21,0.04,0.41,0.6247999216134488,0.14441202872497608,1.434045316165428,0.9999914169311523,0.9999837875366211,0.9999990463256836,0.0,3.9185729912884026
W,3,random,102400,10,10,0.3,0.11,0.5,0.4742371219408929,0.0,1.2294635125302213,0.999995231628418,0.9999885559082031,1.0,0.0,4.007950130672314
W,4,annealing,50,100,10,0.0,0.0,0.0,3.4735882137694123,2.510703504264547,4.597366679401105,0.9281177520751953,0.7938365936279297,0.9760029315948486,,
W,4,annealing,100,100,10,0.0,0.0,0.0,2.9145629862076787,2.023689120515996,4.04102931019468,0.9729695320129395,0.9079599380493164,0.9936637878417969,,
W,4,annealing,200,100,10,0.025,0.012,0.04,1.9582333612493095,1.1550841740624191,2.957274841570106,0.9967360496520996,0.9830996990203857,0.9995942115783691,,
W,4,annealing,400,100,10,0.129,0.091,0.172,1.0150147302161245,0.4234853391164477,1.7615179266700896,0.999819278717041,0.9984397888183594,0.9999830722808838,,
W,4,annealing,800,100,10,0.273,0.217,0.335,0.4597517520568059,0.0,1.006326776977733,0.9999799728393555,0.9998531341552734,1.0,,
W,4,annealing,1600,100,10,0.424,0.36,0.493,0.11426793786664673,0.0,0.57992437105456,0.9999980926513672,0.9999775886535645,1.0,,
W,4,annealing,3200,100,10,0.535,0.469,0.6,0.0,0.0,0.35281754127487946,1.0,0.9999942779541016,1.0,,
W,4,annealing,6400,100,10,0.713,0.656,0.767,0.0,0.0,0.02797792025812776,1.0,0.9999990463256836,1.0,,
W,4,annealing,12800,100,10,0.809,0.757,0.857,0.0,0.0,0.0,1.0,1.0,1.0,,
W,4,annealing,25600,100,10,0.9,0.863,0.933,0.0,0.0,0.0,1.0,1.0,1.0,,
W,4,annealing,51200,100,10,0.953,0.925,0.976,0.0,0.0,0.0,1.0,1.0,1.0,,
W,4,annealing,102400,100,10,0.977,0.954,0.993,0.0,0.0,0.0,1.0,1.0,1.0,,
W,4,quadruplet,50,100,10,0.001,0.0,0.004,2.078515681840887,1.5342268228158993,2.8881950131447764,0.9949245452880859,0.9877290725708008,0.998396635055542,0.001,2.201669354085874
W,4,quadruplet,100,100,10,0.006,0.0,0.017,1.6921213443442162,1.2335895709181899,2.319378124850154,0.998105525970459,0.9949512481689453,0.9994840621948242,0.006,1.8967835242408495
W,4,quadruplet,200,100,10,0.03,0.013,0.05,1.3851639594325713,0.9474519192853481,1.890453509127103,0.9991521835327148,0.9975447654724121,0.9998703002929688,0.03,1.5371046454334873
W,4,quadruplet,400,100,10,0.075,0.046,0.108,1.0234425141585408,0.6485830756060349,1.4663967930450528,0.9997615814208984,0.9990923404693604,0.9999761581420898,0.073,1.1450773356176662
W,4,quadruplet,800,100,10,0.155,0.108,0.207,0.8010574004113826,0.34969235057312476,1.1302960324707496,0.9999256134033203,0.9995765686035156,0.9999961853027344,0.151,0.9124314845654293
W,4,quadruplet,1600,100,10,0.248,0.182,0.32,0.5085968363695066,0.0016891786056131971,0.9247024294950715,0.9999780654907227,0.9998195171356201,0.9999990463256836,0.241,0.5580518191635605
W,4,quadruplet,3200,100,10,0.305,0.233,0.384,0.35904234535890545,0.0,0.7296348856172006,0.9999880790710449,0.9999170303344727,1.0,0.297,0.45400755621540567
W,4,quadruplet,6400,100,10,0.362,0.285,0.444,0.18799308320480584,0.0,0.55937469979491,0.9999961853027344,0.9999618530273438,1.0,0.348,0.26613830448685183
W,4,quadruplet,12800,100,10,0.414,0.339,0.5,0.09619041743668565,0.0,0.45400755621540567,0.9999990463256836,0.9999790191650391,1.0,0.386,0.156945406709779
W,4,quadruplet,25600,100,10,0.467,0.386,0.55,0.024957869062120063,0.0,0.35904234535890545,0.9999990463256836,0.9999856948852539,1.0,0.417,0.11545991903798983
W,4,quadruplet,51200,100,10,0.5,0.424,0.579,0.0008445893028065986,0.0,0.3015120860034517,0.9999995231628418,0.9999933242797852,1.0,0.414,0.12396938506919364
W,4,quadruplet,102400,100,10,0.552,0.477,0.634,0.0,0.0,0.18799308320480584,1.0,0.9999961853027344,1.0,0.406,0.12586506856844745
W,4,quintuplet,50,100,10,0.0,0.0,0.0,2.080296042027012,1.5455017930087256,3.0215779716320244,0.9947037696838379,0.9874165058135986,0.9982485771179199,0.0,2.1214627584444123
W,4,quintuplet,100,100,10,0.003,0.0,0.009,1.7252659164202313,1.2479836199670047,2.3423661866772028,0.9980592727661133,0.9950332641601562,0.9995250701904297,0.003,1.8220146342727699
W,4,quintuplet,200,100,10,0.02,0.008,0.035,1.363417228823781,0.9269329159710358,1.831137896552148,0.9993915557861328,0.9980497360229492,0.9998657703399658,0.02,1.4485525328968076
W,4,quintuplet,400,100,10,0.065,0.042,0.094,0.9845074059938276,0.6251911125645034,1.4115210189904401,0.9998302459716797,0.9993546009063721,0.9999752044677734,0.064,1.0367138709887787
W,4,quintuplet,800,100,10,0.16,0.116,0.206,0.6944986106400867,0.2465942222905678,1.0362210554100324,0.9999556541442871,0.9997878074645996,0.9999971389770508,0.158,0.733106381777663
W,4,quintuplet,1600,100,10,0.29,0.227,0.355,0.3889198537484373,0.0,0.7486067184977189,0.9999904632568359,0.9999294281005859,1.0,0.284,0.431917554546441
W,4,quintuplet,3200,100,10,0.392,0.32,0.467,0.12753642381704144,0.0,0.49082436326071016,0.9999980926513672,0.9999752044677734,1.0,0.386,0.14353058003923044
W,4,quintuplet,6400,100,10,0.47,0.389,0.547,0.024925100069370133,0.0,0.3578699194463043,0.9999990463256836,0.9999876022338867,1.0,0.459,0.03979643625593965
W,4,quintuplet,12800,100,10,0.543,0.461,0.623,0.0,0.0,0.2144120990220793,1.0,0.9999933242797852,1.0,0.518,0.0
W,4,quintuplet,25600,100,10,0.594,0.512,0.675,0.0,0.0,0.16641464246042612,1.0,0.9999961853027344,1.0,0.561,0.0
W,4,quintuplet,51200,100,10,0.641,0.559,0.717,0.0,0.0,0.12062150894323495,1.0,0.9999978542327881,1.0,0.582,0.0
W,4,quintuplet,102400,100,10,0.698,0.622,0.769,0.0,0.0,0.06116705483324714,1.0,0.9999990463256836,1.0,0.601,0.0
W,4,random,50,10,10,0.0,0.0,0.0,2.770679685803617,2.1866442369901855,3.556507481938844,0.9883866310119629,0.9743242263793945,0.9943282604217529,0.0,2.770679685803617
W,4,random,100,10,10,0.0,0.0,0.0,2.3646567188702035,2.0134100289875976,3.259264633327927,0.9926204681396484,0.987785816192627,0.9972138404846191,0.0,2.391734599758228
W,4,random,200,10,10,0.0,0.0,0.0,2.180154647211676,1.7740548120435404,2.9805012311062997,0.996856689453125,0.9927785396575928,0.9984598159790039,0.0,2.3117178605284594
W,4,random,400,10,10,0.0,0.0,0.0,2.141367569047162,1.5775084189807032,2.679304012157792,0.9983587265014648,0.9966442584991455,0.9991493225097656,0.0,2.679304012157792
W,4,random,800,10,10,0.0,0.0,0.0,1.9292969847494017,1.1714888961046093,2.3645343909061776,0.9991507530212402,0.998359203338623,0.9995706081390381,0.0,3.284001912296465
W,4,random,1600,10,10,0.0,0.0,0.0,1.565451985510288,1.1336344738872401,2.1654295407931983,0.9995293617248535,0.999140739440918,0.9997940063476562,0.0,3.637500552006678
W,4,random,3200,10,10,0.0,0.0,0.0,1.3043444381339633,0.9529286166086667,1.8000151770203836,0.9998316764831543,0.9995567798614502,0.9999387264251709,0.0,4.243130999645249
W,4,random,6400,10,10,0.01,0.0,0.04,1.0374042236577807,0.7287280947314451,1.4564456260697733,0.9999322891235352,0.9998400211334229,0.9999732971191406,0.0,3.949375123095865
W,4,random,12800,10,10,0.02,0.0,0.06,1.0077330951599217,0.6229381678338871,1.3332004321840176,0.9999680519104004,0.999915599822998,0.9999837875366211,0.0,3.9640110925970884
W,4,random,25600,10,10,0.04,0.0,0.1,0.8643536902621001,0.4811964262914234,1.084827670138643,0.9999823570251465,0.9999599456787109,0.9999899864196777,0.0,4.076247708404235
W,4,random,51200,10,10,0.09,0.02,0.18,0.6318774035805624,0.3749708748924823,0.9869803803225152,0.9999876022338867,0.9999825954437256,0.9999964237213135,0.0,4.408636516821643
W,4,random,102400,10,10,0.14,0.04,0.28,0.47356992037485734,0.21305997026228551,0.7326771844839955,0.9999961853027344,0.9999876022338867,0.9999990463256836,0.0,4.060000342538707
W,5,annealing,50,100,10,0.0,0.0,0.0,3.388340102586559,2.4689653542603462,4.863408944410809,0.9112086296081543,0.799290657043457,0.9731497764587402,,
W,5,annealing,100,100,10,0.0,0.0,0.0,2.798540129492972,1.897556250176406,4.345922257411555,0.9705038070678711,0.901512622833252,0.9930858612060547,,
W,5,annealing,200,100,10,0.022,0.01,0.037,1.8954844814894503,1.0639685906578067,3.0974681465556415,0.9963479042053223,0.9796388149261475,0.9995872974395752,,
W,5,annealing,400,100,10,0.136,0.095,0.181,0.8148668580529407,0.33293667331988797,1.6562697286056614,0.9998793601989746,0.9990565776824951,0.9999933242797852,,
W,5,annealing,800,100,10,0.344,0.271,0.417,0.29731336884108367,0.0,0.7102673557383675,0.9999933242797852,0.9999246597290039,1.0,,
W,5,annealing,1600,100,10,0.505,0.435,0.578,0.0,0.0,0.3925161050113873,1.0,0.9999885559082031,1.0,,
W,5,annealing,3200,100,10,0.609,0.538,0.675,0.0,0.0,0.1795588541729253,1.0,0.9999969005584717,1.0,,
W,5,annealing,6400,100,10,0.717,0.653,0.776,0.0,0.0,0.03561832196671719,1.0,0.9999990463256836,1.0,,
W,5,annealing,12800,100,10,0.829,0.778,0.876,0.0,0.0,0.0,1.0,1.0,1.0,,
W,5,annealing,25600,100,10,0.944,0.913,0.969,0.0,0.0,0.0,1.0,1.0,1.0,,
W,5,annealing,51200,100,10,0.97,0.949,0.988,0.0,0.0,0.0,1.0,1.0,1.0,,
W,5,annealing,102400,100,10,0.997,0.99,1.0,0.0,0.0,0.0,1.0,1.0,1.0,,
W,5,quadruplet,50,100,10,0.001,0.0,0.005,2.0393987440221997,1.4153648359198354,2.985737808498844,0.994938850402832,0.9877791404724121,0.9985325336456299,0.001,2.171475533612012
W,5,quadruplet,100,100,10,0.003,0.0,0.009,1.6667191791095606,1.127897412000573,2.374879624694054,0.9982128143310547,0.994727611541748,0.9995338916778564,0.003,1.817821997135618
W,5,quadruplet,200,100,10,0.036,0.018,0.058,1.2267708820708036,0.8139817945784691,1.806455753335528,0.9994468688964844,0.998039960861206,0.9999134540557861,0.036,1.3668327064521126
W,5,quadruplet,400,100,10,0.09,0.058,0.128,0.9206420848401622,0.504128741519887,1.3386287463282636,0.9998092651367188,0.9991681575775146,0.9999885559082031,0.089,1.0033836531694376
W,5,quadruplet,800,100,10,0.166,0.114,0.223,0.6398103829627684,0.21298315033476808,1.0357132312387745,0.9999432563781738,0.9996695518493652,0.9999980926513672,0.165,0.7112441454572105
W,5,quadruplet,1600,100,10,0.246,0.182,0.319,0.43788677314391156,0.00552322955615314,0.8272542954437381,0.9999852180480957,0.9998321533203125,0.9999990463256836,0.246,0.4987144852886055
W,5,quadruplet,3200,100,10,0.295,0.224,0.372,0.28797986545306375,0.0,0.6948843090933882,0.9999942779541016,0.9999194145202637,1.0,0.294,0.37565259702540243
W,5,quadruplet,6400,100,10,0.342,0.265,0.427,0.19118485168830252,0.0,0.5459516278417552,0.9999961853027344,0.9999628067016602,1.0,0.336,0.2460044636859734
W,5,quadruplet,12800,100,10,0.379,0.294,0.469,0.11313931349048358,0.0,0.4269936856581918,0.999997615814209,0.99997878074646,1.0,0.369,0.22198648088590156
W,5,quadruplet,25600,100,10,0.406,0.319,0.499,0.08078449948981244,0.0,0.37409433496843286,0.9999980926513672,0.9999892711639404,1.0,0.385,0.16457979042057327
W,5,quadruplet,51200,100,10,0.435,0.35,0.525,0.044097008613868616,0.0,0.29772484223026374,0.9999990463256836,0.9999942779541016,1.0,0.389,0.11313931349048358
W,5,quadruplet,102400,100,10,0.489,0.403,0.574,0.011578820531151111,0.0,0.2440698140807466,0.9999990463256836,0.999995231628418,1.0,0.398,0.11313931349048358
W,5,quintuplet,50,100,10,0.0,0.0,0.0,2.020751736294258,1.4785838267325284,3.0439465033562123,0.9943227767944336,0.9861619472503662,0.9983189105987549,0.0,2.0833446178745767
W,5,quintuplet,100,100,10,0.0,0.0,0.0,1.6612503799114209,1.1263856936093681,2.498355428530799,0.9982681274414062,0.9949679374694824,0.9994394779205322,0.0,1.7838911160308561
W,5,quintuplet,200,100,10,0.023,0.011,0.038,1.2627246060324673,0.8422419120942968,1.8393906505096127,0.9994468688964844,0.998154878616333,0.9998865127563477,0.023,1.3341299814442373
W,5,quintuplet,400,100,10,0.074,0.046,0.107,0.874884868966811,0.4970787340565306,1.2736519816098273,0.9998636245727539,0.9994356632232666,0.9999828338623047,0.074,0.9147736153868692
W,5,quintuplet,800,100,10,0.143,0.1,0.189,0.5692964422929049,0.24883358046987583,0.9265208061891959,0.9999656677246094,0.9998245239257812,0.9999980926513672,0.142,0.5986380280158796
W,5,quintuplet,1600,100,10,0.253,0.191,0.317,0.3511824668623948,0.0,0.6846042275097348,0.9999914169311523,0.9999198913574219,1.0,0.253,0.375159160532719
W,5,quintuplet,3200,100,10,0.333,0.265,0.402,0.2002268367728368,0.0,0.5050489166385959,0.9999961853027344,0.9999656677246094,1.0,0.332,0.2155310324334399
W,5,quintuplet,6400,100,10,0.399,0.32,0.472,0.0922736913959368,0.0,0.37409433496843286,0.9999990463256836,0.9999818801879883,1.0,0.395,0.10441814866526906
W,5,quintuplet,12800,100,10,0.447,0.366,0.525,0.03890317935108152,0.0,0.3240425465474119,0.9999990463256836,0.9999904632568359,1.0,0.441,0.0450372432242524
W,5,quintuplet,25600,100,10,0.487,0.404,0.568,0.023463406612130946,0.0,0.25421378936447675,0.9999990463256836,0.9999942779541016,1.0,0.471,0.02720471575316848
W,5,quintuplet,51200,100,10,0.524,0.442,0.607,0.0,0.0,0.19701244109057872,1.0,0.9999961853027344,1.0,0.485,0.023463406612130946
W,5,quintuplet,102400,100,10,0.568,0.49,0.645,0.0,0.0,0.13044696241263365,1.0,0.9999980926513672,1.0,0.496,0.011578820531151111
W,5,random,50,10,10,0.0,0.0,0.0,2.3359014922671677,1.7743436324083364,4.033565644295781,0.9814085960388184,0.9641740322113037,0.9933910369873047,0.0,2.3812774918524755
W,5,random,100,10,10,0.0,0.0,0.0,2.0619671233278676,1.4152444554462347,3.5449492587597726,0.9937319755554199,0.9846241474151611,0.998511791229248,0.0,2.0694142643177478
W,5,random,200,10,10,0.0,0.0,0.0,1.7946787853599302,1.2728794840934374,3.3335515535362426,0.9968714714050293,0.9934914112091064,0.9992303848266602,0.0,2.0387215774094636
W,5,random,400,10,10,0.0,0.0,0.0,1.4821145696721292,0.9898201590799547,3.0865011542480136,0.998661994934082,0.9965486526489258,0.9995017051696777,0.0,2.2449708437157083
W,5,random,800,10,10,0.0,0.0,0.0,1.3187784421026774,0.8705248581689159,2.4778054216882652,0.9993677139282227,0.9985451698303223,0.999718427658081,0.0,2.6562013509779128
W,5,random,1600,10,10,0.0,0.0,0.0,1.27873764304054,0.6868250439805484,2.30873255834916,0.9996404647827148,0.9991679191589355,0.9998188018798828,0.0,3.4003085225990084
W,5,random,3200,10,10,0.0,0.0,0.0,0.9980526185422103,0.618198159286385,2.086055744665856,0.9997749328613281,0.9995832443237305,0.9999122619628906,0.0,3.415538250857331
W,5,random,6400,10,10,0.01,0.0,0.04,0.7696190708267381,0.4777845681396802,1.7522676733969085,0.9999122619628906,0.9997901916503906,0.9999713897705078,0.0,3.800585149081165
W,5,random,12800,10,10,0.01,0.0,0.04,0.5379008216969252,0.3275047981616005,1.498049563766498,0.9999585151672363,0.9999136924743652,0.999981164932251,0.0,3.5645103436567385
W,5,random,25600,10,10,0.05,0.0,0.12,0.49886843079358373,0.2714005569395009,1.220920988048828,0.9999752044677734,0.9999539852142334,0.9999895095825195,0.0,3.581990723723285
W,5,random,51200,10,10,0.11,0.04,0.19,0.38782582861847725,0.20147171570497024,0.7567274970507659,0.9999890327453613,0.9999730587005615,0.9999971389770508,0.0,3.3233934888089673
W,5,random,102400,10,10,0.18,0.08,0.3,0.24943421539679186,0.030773254416811467,0.5924496390049949,0.9999957084655762,0.9999885559082031,0.9999990463256836,0.0,3.6487433715254314
