sketch,n,rate,ci_low,ci_high,trials,distance_median,distance_q25,distance_q75,success_mp_rate,max_preserved_by_G,instance_key
quadruplet,50,0.0,8.673617379884035e-19,0.012642971224546034,300,1.6919527263739427,1.246208299077493,2.0190920014434695,0.0,False,e3/L/R5/0
quadruplet,100,0.0,8.673617379884035e-19,0.012642971224546034,300,1.3356434481712336,1.0069143393835922,1.6919527263739427,0.0,False,e3/L/R5/0
quadruplet,200,0.0033333333333333335,0.0005886577218511581,0.018636693694531237,300,1.0069143393835922,0.652194894898999,1.246208299077493,0.0033333333333333335,False,e3/L/R5/0
quadruplet,400,0.016666666666666666,0.00713947735063333,0.0384153948330945,300,0.7855106455866584,0.44574442729645036,1.0069143393835922,0.016666666666666666,False,e3/L/R5/0
quadruplet,800,0.03333333333333333,0.01820494733885481,0.06026182580405482,300,0.533589742672078,0.3523931615108909,0.7981375888073395,0.03333333333333333,False,e3/L/R5/0
quadruplet,1600,0.04,0.023027321487942308,0.06860421203864003,300,0.44574442729645036,0.20645046760254943,0.652194894898999,0.04,False,e3/L/R5/0
quadruplet,3200,0.03666666666666667,0.02059530516285303,0.06445384817189295,300,0.3523931615108909,0.20645046760254943,0.5588436291134403,0.03666666666666667,False,e3/L/R5/0
quadruplet,6400,0.05333333333333334,0.03309191251909646,0.08486914177483133,300,0.20645046760254943,0.20645046760254943,0.44574442729645036,0.05,False,e3/L/R5/0
quadruplet,12800,0.11666666666666667,0.08509313461466292,0.15793314332415567,300,0.20645046760254943,0.20412418462884624,0.20645046760254943,0.10333333333333333,False,e3/L/R5/0
quadruplet,25600,0.11,0.07940528531126051,0.15045623224388538,300,0.20645046760254943,0.20645046760254943,0.20645046760254943,0.07666666666666666,False,e3/L/R5/0
quadruplet,51200,0.15,0.11403246871185316,0.194817611145329,300,0.20645046760254943,0.11309920181698994,0.20645046760254943,0.08666666666666667,False,e3/L/R5/0
quadruplet,102400,0.17666666666666667,0.13767670929949632,0.22383241209237675,300,0.20645046760254943,0.11309920181698994,0.20645046760254943,0.07333333333333333,False,e3/L/R5/0
quintuplet,50,0.0,8.673617379884035e-19,0.012642971224546034,300,1.6919527263739427,1.334053614453119,2.0443458878848317,0.0,False,e3/L/R5/0
quintuplet,100,0.0,8.673617379884035e-19,0.012642971224546034,300,1.3593075008944822,1.0069143393835922,1.6919527263739427,0.0,False,e3/L/R5/0
quintuplet,200,0.0033333333333333335,0.0005886577218511581,0.018636693694531237,300,1.005751197896741,0.652194894898999,1.246208299077493,0.0033333333333333335,False,e3/L/R5/0
quintuplet,400,0.023333333333333334,0.011347660299125234,0.04737197226827532,300,0.652194894898999,0.44574442729645036,0.8914888545928998,0.023333333333333334,False,e3/L/R5/0
quintuplet,800,0.05,0.03053164062934728,0.08084703347274415,300,0.44574442729645036,0.20645046760254943,0.5611699120871426,0.05,False,e3/L/R5/0
quintuplet,1600,0.07666666666666666,0.051627611786607464,0.1124101038501748,300,0.20645046760254943,0.20645046760254943,0.44574442729645036,0.07666666666666666,False,e3/L/R5/0
quintuplet,3200,0.07333333333333333,0.04892399383922859,0.10853134160571733,300,0.20645046760254943,0.11309920181698994,0.20645046760254943,0.07333333333333333,False,e3/L/R5/0
quintuplet,6400,0.09333333333333334,0.06536421957889091,0.1315853970170732,300,0.20645046760254943,0.11309920181698994,0.20645046760254943,0.09,False,e3/L/R5/0
quintuplet,12800,0.12666666666666668,0.09369224846506602,0.16908117004926165,300,0.20645046760254943,0.11309920181698994,0.20645046760254943,0.11333333333333333,False,e3/L/R5/0
quintuplet,25600,0.12,0.0879508443036389,0.16165781382701605,300,0.20645046760254943,0.11309920181698994,0.20645046760254943,0.08666666666666667,False,e3/L/R5/0
quintuplet,51200,0.17,0.13173009843992434,0.21661426256827604,300,0.20645046760254943,0.11309920181698994,0.20645046760254943,0.10666666666666667,False,e3/L/R5/0
quintuplet,102400,0.21333333333333335,0.1707525956382275,0.2631627078638455,300,0.11309920181698994,0.11309920181698994,0.20645046760254943,0.12,False,e3/L/R5/0
