family,n_rules,method,n,instances,runs_per_instance,success,success_ci_low,success_ci_high,success_mp
L,1,annealing,50,100,10,0.001,0.0,0.005,
L,1,annealing,100,100,10,0.003,0.0,0.009,
L,1,annealing,200,100,10,0.017,0.006,0.03,
L,1,annealing,400,100,10,0.06,0.038,0.085,
L,1,annealing,800,100,10,0.144,0.106,0.185,
L,1,annealing,1600,100,10,0.281,0.222,0.342,
L,1,annealing,3200,100,10,0.431,0.356,0.503,
L,1,annealing,6400,100,10,0.566,0.493,0.64,
L,1,annealing,12800,100,10,0.695,0.626,0.762,
L,1,annealing,25600,100,10,0.809,0.749,0.869,
L,1,annealing,51200,100,10,0.876,0.822,0.926,
L,1,annealing,102400,100,10,0.918,0.871,0.961,
L,1,quadruplet,50,100,10,0.014,0.004,0.026,0.012
L,1,quadruplet,100,100,10,0.047,0.028,0.068,0.045
L,1,quadruplet,200,100,10,0.142,0.104,0.18,0.14
L,1,quadruplet,400,100,10,0.283,0.224,0.339,0.276
L,1,quadruplet,800,100,10,0.44,0.363,0.514,0.426
L,1,quadruplet,1600,100,10,0.541,0.462,0.618,0.507
L,1,quadruplet,3200,100,10,0.606,0.515,0.688,0.557
L,1,quadruplet,6400,100,10,0.661,0.577,0.738,0.585
L,1,quadruplet,12800,100,10,0.692,0.606,0.768,0.578
L,1,quadruplet,25600,100,10,0.737,0.653,0.812,0.593
L,1,quadruplet,51200,100,10,0.768,0.689,0.843,0.596
L,1,quadruplet,102400,100,10,0.788,0.708,0.86,0.584
L,1,quintuplet,50,100,10,0.018,0.008,0.031,0.018
L,1,quintuplet,100,100,10,0.054,0.033,0.077,0.053
L,1,quintuplet,200,100,10,0.192,0.149,0.244,0.191
L,1,quintuplet,400,100,10,0.355,0.294,0.42,0.354
L,1,quintuplet,800,100,10,0.534,0.462,0.606,0.532
L,1,quintuplet,1600,100,10,0.671,0.601,0.743,0.659
L,1,quintuplet,3200,100,10,0.784,0.726,0.841,0.774
L,1,quintuplet,6400,100,10,0.867,0.822,0.91,0.848
L,1,quintuplet,12800,100,10,0.919,0.882,0.952,0.894
L,1,quintuplet,25600,100,10,0.949,0.915,0.975,0.918
L,1,quintuplet,51200,100,10,0.973,0.95,0.991,0.933
L,1,quintuplet,102400,100,10,0.981,0.961,0.996,0.94
L,1,random,50,10,10,0.02,0.0,0.08,0.02
L,1,random,100,10,10,0.02,0.0,0.08,0.02
L,1,random,200,10,10,0.02,0.0,0.08,0.02
L,1,random,400,10,10,0.03,0.0,0.11,0.03
L,1,random,800,10,10,0.04,0.0,0.14,0.0
L,1,random,1600,10,10,0.1,0.01,0.23,0.01
L,1,random,3200,10,10,0.14,0.01,0.34,0.0
L,1,random,6400,10,10,0.22,0.02,0.46,0.0
L,1,random,12800,10,10,0.27,0.05,0.52,0.0
L,1,random,25600,10,10,0.31,0.09,0.56,0.0
L,1,random,51200,10,10,0.39,0.13,0.65,0.0
L,1,random,102400,10,10,0.46,0.17,0.75,0.01
L,2,annealing,50,100,10,0.0,0.0,0.0,
L,2,annealing,100,100,10,0.001,0.0,0.004,
L,2,annealing,200,100,10,0.013,0.004,0.024,
L,2,annealing,400,100,10,0.056,0.033,0.083,
L,2,annealing,800,100,10,0.192,0.145,0.243,
L,2,annealing,1600,100,10,0.349,0.283,0.412,
L,2,annealing,3200,100,10,0.458,0.386,0.534,
L,2,annealing,6400,100,10,0.561,0.487,0.632,
L,2,annealing,12800,100,10,0.714,0.648,0.774,
L,2,annealing,25600,100,10,0.814,0.758,0.862,
L,2,annealing,51200,100,10,0.909,0.87,0.943,
L,2,annealing,102400,100,10,0.972,0.951,0.989,
L,2,quadruplet,50,100,10,0.004,0.0,0.01,0.004
L,2,quadruplet,100,100,10,0.02,0.009,0.034,0.02
L,2,quadruplet,200,100,10,0.066,0.042,0.094,0.065
L,2,quadruplet,400,100,10,0.175,0.128,0.227,0.173
L,2,quadruplet,800,100,10,0.303,0.241,0.372,0.297
L,2,quadruplet,1600,100,10,0.428,0.35,0.504,0.419
L,2,quadruplet,3200,100,10,0.511,0.43,0.593,0.499
L,2,quadruplet,6400,100,10,0.572,0.485,0.658,0.551
L,2,quadruplet,12800,100,10,0.612,0.521,0.699,0.578
L,2,quadruplet,25600,100,10,0.645,0.557,0.727,0.586
L,2,quadruplet,51200,100,10,0.692,0.606,0.772,0.615
L,2,quadruplet,102400,100,10,0.739,0.659,0.814,0.617
L,2,quintuplet,50,100,10,0.001,0.0,0.004,0.001
L,2,quintuplet,100,100,10,0.019,0.008,0.034,0.019
L,2,quintuplet,200,100,10,0.081,0.054,0.111,0.08
L,2,quintuplet,400,100,10,0.202,0.157,0.25,0.201
L,2,quintuplet,800,100,10,0.352,0.293,0.414,0.349
L,2,quintuplet,1600,100,10,0.518,0.448,0.592,0.513
L,2,quintuplet,3200,100,10,0.631,0.555,0.707,0.625
L,2,quintuplet,6400,100,10,0.709,0.633,0.784,0.706
L,2,quintuplet,12800,100,10,0.74,0.665,0.813,0.732
L,2,quintuplet,25600,100,10,0.766,0.694,0.836,0.751
L,2,quintuplet,51200,100,10,0.784,0.707,0.855,0.76
L,2,quintuplet,102400,100,10,0.818,0.747,0.883,0.768
L,2,random,50,10,10,0.0,0.0,0.0,0.0
L,2,random,100,10,10,0.0,0.0,0.0,0.0
L,2,random,200,10,10,0.0,0.0,0.0,0.0
L,2,random,400,10,10,0.0,0.0,0.0,0.0
L,2,random,800,10,10,0.0,0.0,0.0,0.0
L,2,random,1600,10,10,0.01,0.0,0.04,0.0
L,2,random,3200,10,10,0.02,0.0,0.06,0.0
L,2,random,6400,10,10,0.04,0.0,0.11,0.0
L,2,random,12800,10,10,0.09,0.01,0.21,0.0
L,2,random,25600,10,10,0.18,0.02,0.38,0.0
L,2,random,51200,10,10,0.26,0.07,0.5,0.0
L,2,random,102400,10,10,0.34,0.11,0.59,0.0
L,3,annealing,50,100,10,0.0,0.0,0.0,
L,3,annealing,100,100,10,0.002,0.0,0.007,
L,3,annealing,200,100,10,0.009,0.002,0.018,
L,3,annealing,400,100,10,0.043,0.025,0.063,
L,3,annealing,800,100,10,0.151,0.11,0.196,
L,3,annealing,1600,100,10,0.275,0.217,0.336,
L,3,annealing,3200,100,10,0.444,0.381,0.507,
L,3,annealing,6400,100,10,0.571,0.506,0.638,
L,3,annealing,12800,100,10,0.71,0.649,0.77,
L,3,annealing,25600,100,10,0.857,0.814,0.897,
L,3,annealing,51200,100,10,0.941,0.913,0.966,
L,3,annealing,102400,100,10,0.975,0.948,0.995,
L,3,quadruplet,50,100,10,0.005,0.0,0.012,0.005
L,3,quadruplet,100,100,10,0.011,0.003,0.02,0.01
L,3,quadruplet,200,100,10,0.04,0.019,0.065,0.037
L,3,quadruplet,400,100,10,0.097,0.063,0.135,0.093
L,3,quadruplet,800,100,10,0.194,0.141,0.248,0.186
L,3,quadruplet,1600,100,10,0.272,0.206,0.338,0.263
L,3,quadruplet,3200,100,10,0.339,0.262,0.415,0.325
L,3,quadruplet,6400,100,10,0.397,0.318,0.48,0.381
L,3,quadruplet,12800,100,10,0.446,0.362,0.529,0.419
L,3,quadruplet,25600,100,10,0.521,0.437,0.603,0.476
L,3,quadruplet,51200,100,10,0.582,0.5,0.662,0.504
L,3,quadruplet,102400,100,10,0.663,0.583,0.737,0.526
L,3,quintuplet,50,100,10,0.002,0.0,0.007,0.002
L,3,quintuplet,100,100,10,0.008,0.002,0.016,0.008
L,3,quintuplet,200,100,10,0.034,0.016,0.055,0.032
L,3,quintuplet,400,100,10,0.097,0.068,0.13,0.094
L,3,quintuplet,800,100,10,0.207,0.158,0.257,0.2
L,3,quintuplet,1600,100,10,0.346,0.276,0.418,0.337
L,3,quintuplet,3200,100,10,0.447,0.371,0.523,0.437
L,3,quintuplet,6400,100,10,0.532,0.453,0.612,0.524
L,3,quintuplet,12800,100,10,0.605,0.522,0.685,0.591
L,3,quintuplet,25600,100,10,0.658,0.578,0.733,0.626
L,3,quintuplet,51200,100,10,0.702,0.624,0.774,0.64
L,3,quintuplet,102400,100,10,0.748,0.678,0.813,0.639
L,3,random,50,10,10,0.0,0.0,0.0,0.0
L,3,random,100,10,10,0.0,0.0,0.0,0.0
L,3,random,200,10,10,0.0,0.0,0.0,0.0
L,3,random,400,10,10,0.0,0.0,0.0,0.0
L,3,random,800,10,10,0.0,0.0,0.0,0.0
L,3,random,1600,10,10,0.0,0.0,0.0,0.0
L,3,random,3200,10,10,0.0,0.0,0.0,0.0
L,3,random,6400,10,10,0.01,0.0,0.04,0.0
L,3,random,12800,10,10,0.06,0.0,0.14,0.0
L,3,random,25600,10,10,0.08,0.01,0.18,0.0
L,3,random,51200,10,10,0.12,0.01,0.27,0.0
L,3,random,102400,10,10,0.19,0.04,0.38,0.0
L,4,annealing,50,100,10,0.0,0.0,0.0,
L,4,annealing,100,100,10,0.001,0.0,0.005,
L,4,annealing,200,100,10,0.01,0.003,0.02,
L,4,annealing,400,100,10,0.067,0.037,0.1,
L,4,annealing,800,100,10,0.189,0.134,0.245,
L,4,annealing,1600,100,10,0.289,0.227,0.355,
L,4,annealing,3200,100,10,0.401,0.334,0.469,
L,4,annealing,6400,100,10,0.559,0.493,0.623,
L,4,annealing,12800,100,10,0.695,0.634,0.755,
L,4,annealing,25600,100,10,0.828,0.775,0.879,
L,4,annealing,51200,100,10,0.893,0.85,0.932,
L,4,annealing,102400,100,10,0.964,0.938,0.986,
L,4,quadruplet,50,100,10,0.003,0.0,0.009,0.003
L,4,quadruplet,100,100,10,0.01,0.003,0.02,0.009
L,4,quadruplet,200,100,10,0.038,0.019,0.059,0.037
L,4,quadruplet,400,100,10,0.103,0.066,0.143,0.102
L,4,quadruplet,800,100,10,0.181,0.127,0.234,0.179
L,4,quadruplet,1600,100,10,0.277,0.209,0.344,0.274
L,4,quadruplet,3200,100,10,0.348,0.268,0.421,0.341
L,4,quadruplet,6400,100,10,0.386,0.305,0.464,0.375
L,4,quadruplet,12800,100,10,0.435,0.35,0.521,0.416
L,4,quadruplet,25600,100,10,0.463,0.373,0.548,0.431
L,4,quadruplet,51200,100,10,0.501,0.413,0.583,0.45
L,4,quadruplet,102400,100,10,0.548,0.465,0.628,0.462
L,4,quintuplet,50,100,10,0.001,0.0,0.005,0.001
L,4,quintuplet,100,100,10,0.006,0.001,0.013,0.006
L,4,quintuplet,200,100,10,0.034,0.017,0.053,0.033
L,4,quintuplet,400,100,10,0.1,0.064,0.14,0.1
L,4,quintuplet,800,100,10,0.184,0.137,0.236,0.183
L,4,quintuplet,1600,100,10,0.324,0.261,0.387,0.321
L,4,quintuplet,3200,100,10,0.404,0.332,0.481,0.398
L,4,quintuplet,6400,100,10,0.492,0.412,0.573,0.483
L,4,quintuplet,12800,100,10,0.55,0.469,0.628,0.535
L,4,quintuplet,25600,100,10,0.592,0.509,0.673,0.565
L,4,quintuplet,51200,100,10,0.625,0.543,0.703,0.58
L,4,quintuplet,102400,100,10,0.678,0.603,0.751,0.605
L,4,random,50,10,10,0.0,0.0,0.0,0.0
L,4,random,100,10,10,0.01,0.0,0.04,0.01
L,4,random,200,10,10,0.01,0.0,0.04,0.01
L,4,random,400,10,10,0.01,0.0,0.04,0.01
L,4,random,800,10,10,0.01,0.0,0.04,0.0
L,4,random,1600,10,10,0.01,0.0,0.04,0.0
L,4,random,3200,10,10,0.01,0.0,0.04,0.0
L,4,random,6400,10,10,0.01,0.0,0.04,0.0
L,4,random,12800,10,10,0.04,0.0,0.12,0.0
L,4,random,25600,10,10,0.05,0.0,0.15,0.0
L,4,random,51200,10,10,0.12,0.04,0.22,0.0
L,4,random,102400,10,10,0.16,0.06,0.29,0.0
L,5,annealing,50,100,10,0.0,0.0,0.0,
L,5,annealing,100,100,10,0.0,0.0,0.0,
L,5,annealing,200,100,10,0.016,0.006,0.029,
L,5,annealing,400,100,10,0.085,0.057,0.116,
L,5,annealing,800,100,10,0.228,0.171,0.293,
L,5,annealing,1600,100,10,0.343,0.277,0.417,
L,5,annealing,3200,100,10,0.474,0.409,0.544,
L,5,annealing,6400,100,10,0.602,0.531,0.669,
L,5,annealing,12800,100,10,0.728,0.67,0.785,
L,5,annealing,25600,100,10,0.836,0.786,0.88,
L,5,annealing,51200,100,10,0.919,0.881,0.95,
L,5,annealing,102400,100,10,0.971,0.946,0.99,
L,5,quadruplet,50,100,10,0.002,0.0,0.007,0.002
L,5,quadruplet,100,100,10,0.01,0.002,0.022,0.01
L,5,quadruplet,200,100,10,0.055,0.029,0.084,0.055
L,5,quadruplet,400,100,10,0.134,0.089,0.185,0.134
L,5,quadruplet,800,100,10,0.214,0.156,0.275,0.214
L,5,quadruplet,1600,100,10,0.298,0.229,0.374,0.297
L,5,quadruplet,3200,100,10,0.359,0.282,0.444,0.355
L,5,quadruplet,6400,100,10,0.403,0.321,0.491,0.397
L,5,quadruplet,12800,100,10,0.43,0.35,0.522,0.412
L,5,quadruplet,25600,100,10,0.466,0.383,0.555,0.439
L,5,quadruplet,51200,100,10,0.51,0.427,0.594,0.451
L,5,quadruplet,102400,100,10,0.572,0.49,0.653,0.47
L,5,quintuplet,50,100,10,0.004,0.0,0.011,0.004
L,5,quintuplet,100,100,10,0.006,0.001,0.013,0.006
L,5,quintuplet,200,100,10,0.044,0.025,0.066,0.044
L,5,quintuplet,400,100,10,0.124,0.086,0.163,0.124
L,5,quintuplet,800,100,10,0.234,0.177,0.291,0.234
L,5,quintuplet,1600,100,10,0.337,0.269,0.406,0.336
L,5,quintuplet,3200,100,10,0.428,0.347,0.501,0.424
L,5,quintuplet,6400,100,10,0.515,0.435,0.594,0.51
L,5,quintuplet,12800,100,10,0.537,0.453,0.616,0.527
L,5,quintuplet,25600,100,10,0.57,0.487,0.649,0.55
L,5,quintuplet,51200,100,10,0.612,0.531,0.692,0.566
L,5,quintuplet,102400,100,10,0.664,0.585,0.742,0.581
L,5,random,50,10,10,0.0,0.0,0.0,0.0
L,5,random,100,10,10,0.0,0.0,0.0,0.0
L,5,random,200,10,10,0.0,0.0,0.0,0.0
L,5,random,400,10,10,0.0,0.0,0.0,0.0
L,5,random,800,10,10,0.0,0.0,0.0,0.0
L,5,random,1600,10,10,0.0,0.0,0.0,0.0
L,5,random,3200,10,10,0.01,0.0,0.04,0.0
L,5,random,6400,10,10,0.02,0.0,0.07,0.0
L,5,random,12800,10,10,0.05,0.0,0.13,0.0
L,5,random,25600,10,10,0.09,0.0,0.23,0.0
L,5,random,51200,10,10,0.19,0.08,0.32,0.0
L,5,random,102400,10,10,0.35,0.18,0.55,0.0
W,1,annealing,50,100,10,0.005,0.0,0.012,
W,1,annealing,100,100,10,0.005,0.0,0.013,
W,1,annealing,200,100,10,0.036,0.02,0.055,
W,1,annealing,400,100,10,0.141,0.099,0.185,
W,1,annealing,800,100,10,0.281,0.22,0.341,
W,1,annealing,1600,100,10,0.441,0.37,0.512,
W,1,annealing,3200,100,10,0.603,0.531,0.673,
W,1,annealing,6400,100,10,0.732,0.666,0.796,
W,1,annealing,12800,100,10,0.818,0.753,0.877,
W,1,annealing,25600,100,10,0.863,0.806,0.916,
W,1,annealing,51200,100,10,0.911,0.861,0.954,
W,1,annealing,102400,100,10,0.943,0.903,0.977,
W,1,quadruplet,50,100,10,0.028,0.012,0.047,0.025
W,1,quadruplet,100,100,10,0.06,0.037,0.086,0.053
W,1,quadruplet,200,100,10,0.12,0.085,0.158,0.106
W,1,quadruplet,400,100,10,0.259,0.207,0.316,0.236
W,1,quadruplet,800,100,10,0.392,0.326,0.459,0.353
W,1,quadruplet,1600,100,10,0.564,0.489,0.642,0.494
W,1,quadruplet,3200,100,10,0.637,0.561,0.715,0.547
W,1,quadruplet,6400,100,10,0.725,0.651,0.797,0.602
W,1,quadruplet,12800,100,10,0.779,0.705,0.842,0.631
W,1,quadruplet,25600,100,10,0.835,0.77,0.889,0.641
W,1,quadruplet,51200,100,10,0.883,0.824,0.931,0.649
W,1,quadruplet,102400,100,10,0.906,0.851,0.951,0.642
W,1,quintuplet,50,100,10,0.027,0.013,0.044,0.027
W,1,quintuplet,100,100,10,0.078,0.048,0.115,0.073
W,1,quintuplet,200,100,10,0.144,0.104,0.187,0.13
W,1,quintuplet,400,100,10,0.314,0.255,0.375,0.301
W,1,quintuplet,800,100,10,0.469,0.405,0.534,0.456
W,1,quintuplet,1600,100,10,0.669,0.598,0.735,0.643
W,1,quintuplet,3200,100,10,0.785,0.722,0.841,0.758
W,1,quintuplet,6400,100,10,0.865,0.81,0.914,0.833
W,1,quintuplet,12800,100,10,0.909,0.86,0.951,0.871
W,1,quintuplet,25600,100,10,0.948,0.913,0.976,0.894
W,1,quintuplet,51200,100,10,0.978,0.954,0.996,0.906
W,1,quintuplet,102400,100,10,0.988,0.97,1.0,0.913
W,1,random,50,10,10,0.0,0.0,0.0,0.0
W,1,random,100,10,10,0.0,0.0,0.0,0.0
W,1,random,200,10,10,0.01,0.0,0.05,0.0
W,1,random,400,10,10,0.04,0.0,0.11,0.02
W,1,random,800,10,10,0.05,0.0,0.13,0.03
W,1,random,1600,10,10,0.13,0.0,0.29,0.0
W,1,random,3200,10,10,0.22,0.02,0.44,0.0
W,1,random,6400,10,10,0.3,0.07,0.56,0.0
W,1,random,12800,10,10,0.33,0.1,0.58,0.01
W,1,random,25600,10,10,0.4,0.14,0.69,0.0
W,1,random,51200,10,10,0.5,0.26,0.76,0.0
W,1,random,102400,10,10,0.6,0.37,0.82,0.0
W,2,annealing,50,100,10,0.0,0.0,0.0,
W,2,annealing,100,100,10,0.004,0.0,0.01,
W,2,annealing,200,100,10,0.029,0.014,0.045,
W,2,annealing,400,100,10,0.138,0.097,0.183,
W,2,annealing,800,100,10,0.358,0.291,0.428,
W,2,annealing,1600,100,10,0.514,0.443,0.583,
W,2,annealing,3200,100,10,0.638,0.573,0.701,
W,2,annealing,6400,100,10,0.742,0.682,0.799,
W,2,annealing,12800,100,10,0.839,0.786,0.884,
W,2,annealing,25600,100,10,0.928,0.89,0.96,
W,2,annealing,51200,100,10,0.953,0.917,0.982,
W,2,annealing,102400,100,10,0.984,0.965,0.997,
W,2,quadruplet,50,100,10,0.008,0.001,0.018,0.008
W,2,quadruplet,100,100,10,0.028,0.014,0.045,0.026
W,2,quadruplet,200,100,10,0.073,0.045,0.105,0.067
W,2,quadruplet,400,100,10,0.188,0.141,0.24,0.176
W,2,quadruplet,800,100,10,0.296,0.235,0.362,0.282
W,2,quadruplet,1600,100,10,0.429,0.353,0.512,0.406
W,2,quadruplet,3200,100,10,0.502,0.423,0.589,0.48
W,2,quadruplet,6400,100,10,0.562,0.479,0.647,0.532
W,2,quadruplet,12800,100,10,0.617,0.539,0.699,0.567
W,2,quadruplet,25600,100,10,0.665,0.585,0.743,0.594
W,2,quadruplet,51200,100,10,0.694,0.616,0.771,0.596
W,2,quadruplet,102400,100,10,0.75,0.678,0.82,0.606
W,2,quintuplet,50,100,10,0.008,0.0,0.019,0.007
W,2,quintuplet,100,100,10,0.024,0.009,0.043,0.023
W,2,quintuplet,200,100,10,0.071,0.042,0.107,0.067
W,2,quintuplet,400,100,10,0.163,0.121,0.212,0.153
W,2,quintuplet,800,100,10,0.311,0.249,0.375,0.302
W,2,quintuplet,1600,100,10,0.46,0.382,0.537,0.446
W,2,quintuplet,3200,100,10,0.592,0.514,0.672,0.577
W,2,quintuplet,6400,100,10,0.683,0.607,0.758,0.659
W,2,quintuplet,12800,100,10,0.741,0.67,0.808,0.714
W,2,quintuplet,25600,100,10,0.773,0.702,0.84,0.737
W,2,quintuplet,51200,100,10,0.809,0.742,0.873,0.757
W,2,quintuplet,102400,100,10,0.852,0.79,0.909,0.781
W,2,random,50,10,10,0.0,0.0,0.0,0.0
W,2,random,100,10,10,0.02,0.0,0.06,0.02
W,2,random,200,10,10,0.02,0.0,0.06,0.02
W,2,random,400,10,10,0.02,0.0,0.06,0.01
W,2,random,800,10,10,0.02,0.0,0.06,0.01
W,2,random,1600,10,10,0.02,0.0,0.06,0.0
W,2,random,3200,10,10,0.03,0.0,0.09,0.0
W,2,random,6400,10,10,0.06,0.0,0.14,0.0
W,2,random,12800,10,10,0.09,0.01,0.2,0.0
W,2,random,25600,10,10,0.15,0.02,0.31,0.0
W,2,random,51200,10,10,0.2,0.04,0.38,0.0
W,2,random,102400,10,10,0.27,0.07,0.48,0.0
W,3,annealing,50,100,10,0.0,0.0,0.0,
W,3,annealing,100,100,10,0.0,0.0,0.0,
W,3,annealing,200,100,10,0.03,0.015,0.048,
W,3,annealing,400,100,10,0.183,0.128,0.245,
W,3,annealing,800,100,10,0.359,0.287,0.438,
W,3,annealing,1600,100,10,0.477,0.405,0.556,
W,3,annealing,3200,100,10,0.606,0.541,0.673,
W,3,annealing,6400,100,10,0.691,0.631,0.755,
W,3,annealing,12800,100,10,0.818,0.771,0.865,
W,3,annealing,25600,100,10,0.906,0.871,0.94,
W,3,annealing,51200,100,10,0.944,0.908,0.973,
W,3,annealing,102400,100,10,0.975,0.95,0.994,
W,3,quadruplet,50,100,10,0.003,0.0,0.009,0.003
W,3,quadruplet,100,100,10,0.014,0.005,0.026,0.014
W,3,quadruplet,200,100,10,0.043,0.024,0.065,0.042
W,3,quadruplet,400,100,10,0.124,0.088,0.164,0.121
W,3,quadruplet,800,100,10,0.237,0.177,0.301,0.234
W,3,quadruplet,1600,100,10,0.35,0.276,0.427,0.345
W,3,quadruplet,3200,100,10,0.432,0.35,0.516,0.421
W,3,quadruplet,6400,100,10,0.504,0.42,0.588,0.483
W,3,quadruplet,12800,100,10,0.54,0.453,0.62,0.503
W,3,quadruplet,25600,100,10,0.583,0.498,0.667,0.523
W,3,quadruplet,51200,100,10,0.635,0.553,0.716,0.531
W,3,quadruplet,102400,100,10,0.693,0.615,0.768,0.543
W,3,quintuplet,50,100,10,0.001,0.0,0.004,0.001
W,3,quintuplet,100,100,10,0.008,0.002,0.017,0.008
W,3,quintuplet,200,100,10,0.028,0.015,0.043,0.027
W,3,quintuplet,400,100,10,0.098,0.07,0.129,0.095
W,3,quintuplet,800,100,10,0.245,0.193,0.299,0.243
W,3,quintuplet,1600,100,10,0.388,0.319,0.457,0.384
W,3,quintuplet,3200,100,10,0.52,0.439,0.597,0.519
W,3,quintuplet,6400,100,10,0.593,0.515,0.668,0.582
W,3,quintuplet,12800,100,10,0.664,0.589,0.736,0.643
W,3,quintuplet,25600,100,10,0.694,0.619,0.769,0.659
W,3,quintuplet,51200,100,10,0.745,0.668,0.815,0.68
W,3,quintuplet,102400,100,10,0.782,0.71,0.848,0.683
W,3,random,50,10,10,0.0,0.0,0.0,0.0
W,3,random,100,10,10,0.0,0.0,0.0,0.0
W,3,random,200,10,10,0.0,0.0,0.0,0.0
W,3,random,400,10,10,0.01,0.0,0.05,0.0
W,3,random,800,10,10,0.01,0.0,0.05,0.0
W,3,random,1600,10,10,0.01,0.0,0.05,0.0
W,3,random,3200,10,10,0.02,0.0,0.06,0.0
W,3,random,6400,10,10,0.03,0.0,0.09,0.0
W,3,random,12800,10,10,0.07,0.0,0.17,0.0
W,3,random,25600,10,10,0.14,0.0,0.31,0.0
W,3,random,51200,10,10,0.21,0.04,0.41,0.0
W,3,random,102400,10,10,0.3,0.11,0.5,0.0
W,4,annealing,50,100,10,0.0,0.0,0.0,
W,4,annealing,100,100,10,0.0,0.0,0.0,
W,4,annealing,200,100,10,0.024,0.012,0.039,
W,4,annealing,400,100,10,0.137,0.095,0.182,
W,4,annealing,800,100,10,0.295,0.235,0.36,
W,4,annealing,1600,100,10,0.424,0.36,0.489,
W,4,annealing,3200,100,10,0.561,0.5,0.622,
W,4,annealing,6400,100,10,0.67,0.605,0.731,
W,4,annealing,12800,100,10,0.8,0.744,0.847,
W,4,annealing,25600,100,10,0.884,0.843,0.921,
W,4,annealing,51200,100,10,0.936,0.902,0.965,
W,4,annealing,102400,100,10,0.973,0.952,0.989,
W,4,quadruplet,50,100,10,0.001,0.0,0.004,0.001
W,4,quadruplet,100,100,10,0.006,0.0,0.017,0.006
W,4,quadruplet,200,100,10,0.03,0.013,0.05,0.03
W,4,quadruplet,400,100,10,0.075,0.046,0.108,0.073
W,4,quadruplet,800,100,10,0.155,0.108,0.207,0.151
W,4,quadruplet,1600,100,10,0.248,0.182,0.32,0.241
W,4,quadruplet,3200,100,10,0.305,0.233,0.384,0.297
W,4,quadruplet,6400,100,10,0.362,0.285,0.444,0.348
W,4,quadruplet,12800,100,10,0.414,0.339,0.5,0.386
W,4,quadruplet,25600,100,10,0.467,0.386,0.55,0.417
W,4,quadruplet,51200,100,10,0.5,0.424,0.579,0.414
W,4,quadruplet,102400,100,10,0.552,0.477,0.634,0.406
W,4,quintuplet,50,100,10,0.0,0.0,0.0,0.0
W,4,quintuplet,100,100,10,0.003,0.0,0.009,0.003
W,4,quintuplet,200,100,10,0.02,0.008,0.035,0.02
W,4,quintuplet,400,100,10,0.065,0.042,0.094,0.064
W,4,quintuplet,800,100,10,0.16,0.116,0.206,0.158
W,4,quintuplet,1600,100,10,0.29,0.227,0.355,0.284
W,4,quintuplet,3200,100,10,0.392,0.32,0.467,0.386
W,4,quintuplet,6400,100,10,0.47,0.389,0.547,0.459
W,4,quintuplet,12800,100,10,0.543,0.461,0.623,0.518
W,4,quintuplet,25600,100,10,0.594,0.512,0.675,0.561
W,4,quintuplet,51200,100,10,0.641,0.559,0.717,0.582
W,4,quintuplet,102400,100,10,0.698,0.622,0.769,0.601
W,4,random,50,10,10,0.0,0.0,0.0,0.0
W,4,random,100,10,10,0.0,0.0,0.0,0.0
W,4,random,200,10,10,0.0,0.0,0.0,0.0
W,4,random,400,10,10,0.0,0.0,0.0,0.0
W,4,random,800,10,10,0.0,0.0,0.0,0.0
W,4,random,1600,10,10,0.0,0.0,0.0,0.0
W,4,random,3200,10,10,0.0,0.0,0.0,0.0
W,4,random,6400,10,10,0.01,0.0,0.04,0.0
W,4,random,12800,10,10,0.02,0.0,0.06,0.0
W,4,random,25600,10,10,0.04,0.0,0.1,0.0
W,4,random,51200,10,10,0.09,0.02,0.18,0.0
W,4,random,102400,10,10,0.14,0.04,0.28,0.0
W,5,annealing,50,100,10,0.0,0.0,0.0,
W,5,annealing,100,100,10,0.0,0.0,0.0,
W,5,annealing,200,100,10,0.027,0.013,0.043,
W,5,annealing,400,100,10,0.2,0.147,0.255,
W,5,annealing,800,100,10,0.377,0.307,0.452,
W,5,annealing,1600,100,10,0.502,0.425,0.572,
W,5,annealing,3200,100,10,0.599,0.527,0.665,
W,5,annealing,6400,100,10,0.728,0.665,0.787,
W,5,annealing,12800,100,10,0.822,0.77,0.87,
W,5,annealing,25600,100,10,0.923,0.891,0.951,
W,5,annealing,51200,100,10,0.959,0.932,0.982,
W,5,annealing,102400,100,10,0.986,0.968,0.999,
W,5,quadruplet,50,100,10,0.001,0.0,0.005,0.001
W,5,quadruplet,100,100,10,0.003,0.0,0.009,0.003
W,5,quadruplet,200,100,10,0.036,0.018,0.058,0.036
W,5,quadruplet,400,100,10,0.09,0.058,0.128,0.089
W,5,quadruplet,800,100,10,0.166,0.114,0.223,0.165
W,5,quadruplet,1600,100,10,0.246,0.182,0.319,0.246
W,5,quadruplet,3200,100,10,0.295,0.224,0.372,0.294
W,5,quadruplet,6400,100,10,0.342,0.265,0.427,0.336
W,5,quadruplet,12800,100,10,0.379,0.294,0.469,0.369
W,5,quadruplet,25600,100,10,0.406,0.319,0.499,0.385
W,5,quadruplet,51200,100,10,0.435,0.35,0.525,0.389
W,5,quadruplet,102400,100,10,0.489,0.403,0.574,0.398
W,5,quintuplet,50,100,10,0.0,0.0,0.0,0.0
W,5,quintuplet,100,100,10,0.0,0.0,0.0,0.0
W,5,quintuplet,200,100,10,0.023,0.011,0.038,0.023
W,5,quintuplet,400,100,10,0.074,0.046,0.107,0.074
W,5,quintuplet,800,100,10,0.143,0.1,0.189,0.142
W,5,quintuplet,1600,100,10,0.253,0.191,0.317,0.253
W,5,quintuplet,3200,100,10,0.333,0.265,0.402,0.332
W,5,quintuplet,6400,100,10,0.399,0.32,0.472,0.395
W,5,quintuplet,12800,100,10,0.447,0.366,0.525,0.441
W,5,quintuplet,25600,100,10,0.487,0.404,0.568,0.471
W,5,quintuplet,51200,100,10,0.524,0.442,0.607,0.485
W,5,quintuplet,102400,100,10,0.568,0.49,0.645,0.496
W,5,random,50,10,10,0.0,0.0,0.0,0.0
W,5,random,100,10,10,0.0,0.0,0.0,0.0
W,5,random,200,10,10,0.0,0.0,0.0,0.0
W,5,random,400,10,10,0.0,0.0,0.0,0.0
W,5,random,800,10,10,0.0,0.0,0.0,0.0
W,5,random,1600,10,10,0.0,0.0,0.0,0.0
W,5,random,3200,10,10,0.0,0.0,0.0,0.0
W,5,random,6400,10,10,0.01,0.0,0.04,0.0
W,5,random,12800,10,10,0.01,0.0,0.04,0.0
W,5,random,25600,10,10,0.05,0.0,0.12,0.0
W,5,random,51200,10,10,0.11,0.04,0.19,0.0
W,5,random,102400,10,10,0.18,0.08,0.3,0.0
