family,sketch,decoder,n,instances,success,ci_low,ci_high,decode_seconds_median
L,quadruplet,mp,100,20,0.02,0.0,0.06,0.011436982502345927
L,quadruplet,mp,400,20,0.12,0.02,0.25,0.01167408050969243
L,quadruplet,mp,1600,20,0.22,0.09,0.36,0.011732416503946297
L,quadruplet,mp,6400,20,0.32,0.16,0.5,0.011228647003008518
L,quadruplet,mp,25600,20,0.43,0.24,0.61,0.011221175504033454
L,quadruplet,mp,102400,20,0.46,0.26,0.65,0.011707986006513238
L,quadruplet,bp,100,20,0.04,0.0,0.1,35.58870868150552
L,quadruplet,bp,400,20,0.2,0.07,0.35,36.32991749900975
L,quadruplet,bp,1600,20,0.37,0.21,0.55,37.39705354000034
L,quadruplet,bp,6400,20,0.57,0.38,0.76,36.3446411860059
L,quadruplet,bp,25600,20,0.63,0.43,0.83,40.79527674551355
L,quadruplet,bp,102400,20,0.63,0.42,0.83,37.280315466501634
L,quintuplet,mp,100,20,0.0,0.0,0.0,0.018317999500141013
L,quintuplet,mp,400,20,0.13,0.04,0.24,0.018230734502139967
L,quintuplet,mp,1600,20,0.29,0.15,0.46,0.018255525494168978
L,quintuplet,mp,6400,20,0.46,0.29,0.65,0.01802204099658411
L,quintuplet,mp,25600,20,0.53,0.34,0.72,0.01746157099114498
L,quintuplet,mp,102400,20,0.56,0.35,0.77,0.0176419245035504
L,quintuplet,bp,100,20,0.01,0.0,0.04,37.63345955200202
L,quintuplet,bp,400,20,0.15,0.06,0.26,37.28901790850796
L,quintuplet,bp,1600,20,0.36,0.2,0.51,37.851550036502886
L,quintuplet,bp,6400,20,0.63,0.46,0.79,34.55569948350603
L,quintuplet,bp,25600,20,0.8,0.64,0.94,34.20634950451495
L,quintuplet,bp,102400,20,0.77,0.6,0.93,36.617260056504165
W,quadruplet,mp,100,20,0.0,0.0,0.0,0.011762274501961656
W,quadruplet,mp,400,20,0.11,0.03,0.21,0.01123950449982658
W,quadruplet,mp,1600,20,0.3,0.14,0.47,0.01126757599558914
W,quadruplet,mp,6400,20,0.39,0.2,0.58,0.01153197699750308
W,quadruplet,mp,25600,20,0.4,0.19,0.61,0.011198348001926206
W,quadruplet,mp,102400,20,0.38,0.17,0.6,0.012087429502571467
W,quadruplet,bp,100,20,0.03,0.0,0.08,40.66914393000479
W,quadruplet,bp,400,20,0.13,0.02,0.26,39.84528232899902
W,quadruplet,bp,1600,20,0.48,0.29,0.67,33.47460550500546
W,quadruplet,bp,6400,20,0.59,0.37,0.79,35.807020544001716
W,quadruplet,bp,25600,20,0.64,0.41,0.85,34.89848490500299
W,quadruplet,bp,102400,20,0.65,0.45,0.85,39.70055412950751
W,quintuplet,mp,100,20,0.0,0.0,0.0,0.017899819002195727
W,quintuplet,mp,400,20,0.07,0.0,0.17,0.018006338003033306
W,quintuplet,mp,1600,20,0.3,0.15,0.47,0.018452446500305086
W,quintuplet,mp,6400,20,0.43,0.25,0.62,0.01833826049551135
W,quintuplet,mp,25600,20,0.51,0.31,0.72,0.0179867490005563
W,quintuplet,mp,102400,20,0.5,0.3,0.7,0.017787099997804035
W,quintuplet,bp,100,20,0.02,0.0,0.07,37.049104222489404
W,quintuplet,bp,400,20,0.1,0.02,0.22,37.68761965849262
W,quintuplet,bp,1600,20,0.32,0.17,0.48,37.27179127451382
W,quintuplet,bp,6400,20,0.55,0.36,0.72,35.453444749015034
W,quintuplet,bp,25600,20,0.72,0.53,0.87,34.480502082486055
W,quintuplet,bp,102400,20,0.78,0.6,0.94,33.83691224701761
