sketch,n,eta_median,residual_over_eta_median,positive_entries_median,decodes
quadruplet,100,66.23513036571825,0.999938105214328,643.5,200
quadruplet,400,133.54437397682568,1.0000889229312033,9264.0,200
quadruplet,1600,262.86214179029787,1.0000300549982228,83331.5,200
quadruplet,6400,525.2028079392767,1.0000032098840828,233653.5,200
quadruplet,25600,1047.882356848008,1.0000000481677236,512462.5,200
quadruplet,102400,2099.5862854507945,1.000000000017882,780968.5,200
quintuplet,100,64.46878809966859,0.9999008261648432,254.0,200
quintuplet,400,129.98250118869325,1.0000423548679498,3164.0,200
quintuplet,1600,255.75759014123213,1.0000514197687735,33935.5,200
quintuplet,6400,510.98225934694716,1.0000173379038357,137034.0,200
quintuplet,25600,1019.6605788024143,1.0000076309110457,251895.5,200
quintuplet,102400,2042.2444332499667,1.0000004946119807,618916.5,200
