instance_key,sketch,threshold_label,rate,ci_low,ci_high,trials,distance_median,distance_q25,distance_q75,t,n,mean_kept,percentile,var_sampled_function,max_preserved,theta_min
e1/L/R5/48,quadruplet,zero,0.11,0.07940528531126051,0.15045623224388538,300,1.0087364014767837,1.0087364014767837,1.8298379541272742,0.0,6400,6366.543333333333,0.0,0.487707793441832,True,0.01981923026220267
e1/L/R5/48,quadruplet,p50,0.41,0.35582394979935006,0.4664517850210681,300,1.0087364014767837,0.0,1.0087364014767837,1.9103922668572846,6400,3280.7066666666665,50.0,1.605926529919751,True,0.02639667519026534
e1/L/R5/48,quadruplet,p60,0.35,0.29823200252235404,0.4055608888450096,300,1.0087364014767837,0.0,1.0087364014767837,2.0316133518117505,6400,2586.9366666666665,60.0,1.6797484774070766,True,0.02761582814400776
e1/L/R5/48,quadruplet,p70,0.44333333333333336,0.38818691756565193,0.4999126191731299,300,1.0087364014767837,0.0,1.0087364014767837,2.2785692221012757,6400,1942.1633333333334,70.0,1.6166926757862181,True,0.037714316263528724
e1/L/R5/48,quadruplet,p75,0.44666666666666666,0.39143715496049114,0.503244761970127,300,1.0087364014767837,0.0,1.0087364014767837,2.3951905480841,6400,1626.7733333333333,75.0,1.5292697331076255,True,0.0358919170808063
e1/L/R5/48,quadruplet,p80,0.44666666666666666,0.39143715496049114,0.503244761970127,300,1.0087364014767837,0.0,1.0087364014767837,2.4838173960907115,6400,1399.66,80.0,1.4383354729414553,True,0.0315744950548984
e1/L/R5/48,quadruplet,p85,0.35333333333333333,0.30140830066923496,0.40896697088996514,300,1.0087364014767837,0.0,1.0087364014767837,2.6050384810451774,6400,975.5933333333334,85.0,1.2007118924139757,True,0.02014159036431007
e1/L/R5/48,quadruplet,p90,0.38666666666666666,0.3333235932848012,0.44287548019276246,300,1.0087364014767837,0.0,1.0087364014767837,2.7944530831929333,6400,644.32,90.0,0.9326656447982227,True,0.023959943176960263
e1/L/R5/48,quadruplet,p92.5,0.37333333333333335,0.32052468559554903,0.42934486711466924,300,1.0087364014767837,0.0,1.0087364014767837,2.968615677317527,6400,498.70666666666665,92.5,0.7825935361853251,True,0.021804285827980885
e1/L/R5/48,quadruplet,p95,0.34,0.2887202040964927,0.395325546695362,300,1.0087364014767837,0.0,1.0087364014767837,3.0716580206572637,6400,343.7033333333333,95.0,0.5955767388725621,True,0.016312460425003117
e1/L/R5/48,quadruplet,p97.5,0.14666666666666667,0.11110518744033696,0.19116251222500888,300,1.0087364014767837,1.0087364014767837,1.0087364014767837,3.281505953618341,6400,161.90666666666667,97.5,0.3312869252376942,True,0.006175431550034138
e1/L/R5/48,quadruplet,p99,0.22333333333333333,0.17987135808006235,0.27379108599751967,300,1.0087364014767837,1.0087364014767837,1.0087364014767837,3.673077627866903,6400,65.96666666666667,99.0,0.1586297688666921,True,0.006438518893491146
e1/L/R5/48,quadruplet,p99.5,0.17,0.13173009843992434,0.21661426256827604,300,1.0087364014767837,1.0087364014767837,1.0087364014767837,3.833661239348409,6400,38.77,99.5,0.09983628837771566,True,0.004370848098158672
e1/L/R5/48,quadruplet,p99.9,0.08333333333333333,0.057080874056394275,0.12012160196406074,300,1.0087364014767837,1.0087364014767837,1.8298379541272742,4.335129605106942,6400,7.053333333333334,99.9,0.022525600180635312,True,0.0012019671153407387
e1/L/R5/48,quadruplet,f_x2,0.006666666666666667,0.0018301483579117855,0.023977583250306973,300,0.4940472494957435,0.0,0.988094498991487,5.1259638144643365,6400,0.013333333333333334,,5.731712942491216e-05,True,1.9742387444007326e-06
e1/L/R5/48,quadruplet,mid_x2_max,0.006666666666666667,0.0018301483579117855,0.023977583250306973,300,0.0,0.0,0.0,5.470987042072462,6400,0.006666666666666667,,3.225893325621228e-05,True,5.546579618149366e-06
e1/L/R5/48,quintuplet,zero,0.33666666666666667,0.2855553679085868,0.39190800269143145,300,1.0087364014767837,0.0,1.0087364014767837,0.0,6400,6366.543333333333,0.0,0.487707793441832,True,0.015386555358922527
e1/L/R5/48,quintuplet,p50,0.71,0.6562544981888744,0.7584354538968162,300,0.0,0.0,1.0087364014767837,1.9103922668572846,6400,3280.7066666666665,50.0,1.605926529919751,True,0.02101667845399513
e1/L/R5/48,quintuplet,p60,0.6333333333333333,0.5774367141816825,0.6858584934917717,300,0.0,0.0,1.0087364014767837,2.0316133518117505,6400,2586.9366666666665,60.0,1.6797484774070766,True,0.025760358848452958
e1/L/R5/48,quintuplet,p70,0.69,0.6355391960366674,0.739656474898005,300,0.0,0.0,1.0087364014767837,2.2785692221012757,6400,1942.1633333333334,70.0,1.6166926757862181,True,0.02957943406140795
e1/L/R5/48,quintuplet,p75,0.69,0.6355391960366674,0.739656474898005,300,0.0,0.0,1.0087364014767837,2.3951905480841,6400,1626.7733333333333,75.0,1.5292697331076255,True,0.02749281338237408
e1/L/R5/48,quintuplet,p80,0.6866666666666666,0.6320976883026915,0.7365156024401446,300,0.0,0.0,1.0087364014767837,2.4838173960907115,6400,1399.66,80.0,1.4383354729414553,True,0.02819942965101685
e1/L/R5/48,quintuplet,p85,0.5766666666666667,0.5201332672229635,0.6312614771892728,300,0.0,0.0,1.0087364014767837,2.6050384810451774,6400,975.5933333333334,85.0,1.2007118924139757,True,0.026674508674364494
e1/L/R5/48,quintuplet,p90,0.6133333333333333,0.5571245198072374,0.6666764067151987,300,0.0,0.0,1.0087364014767837,2.7944530831929333,6400,644.32,90.0,0.9326656447982227,True,0.022852646740898597
e1/L/R5/48,quintuplet,p92.5,0.66,0.604674453304638,0.7112797959035073,300,0.0,0.0,1.0087364014767837,2.968615677317527,6400,498.70666666666665,92.5,0.7825935361853251,True,0.019297369003200116
e1/L/R5/48,quintuplet,p95,0.61,0.553748567961591,0.6634699783690088,300,0.0,0.0,1.0087364014767837,3.0716580206572637,6400,343.7033333333333,95.0,0.5955767388725621,True,0.01624012893352328
e1/L/R5/48,quintuplet,p97.5,0.41,0.35582394979935006,0.4664517850210681,300,1.0087364014767837,0.0,1.0087364014767837,3.281505953618341,6400,161.90666666666667,97.5,0.3312869252376942,True,0.009470481140227222
e1/L/R5/48,quintuplet,p99,0.38666666666666666,0.3333235932848012,0.44287548019276246,300,1.0087364014767837,0.0,1.0087364014767837,3.673077627866903,6400,65.96666666666667,99.0,0.1586297688666921,True,0.005576701628352665
e1/L/R5/48,quintuplet,p99.5,0.3233333333333333,0.2729253960837475,0.37820845374892526,300,1.0087364014767837,0.0,1.0087364014767837,3.833661239348409,6400,38.77,99.5,0.09983628837771566,True,0.003481807305323145
e1/L/R5/48,quintuplet,p99.9,0.10333333333333333,0.07375658473854114,0.142940172432932,300,1.0087364014767837,1.0087364014767837,1.4469135644547377,4.335129605106942,6400,7.053333333333334,99.9,0.022525600180635312,True,0.000844434676286112
e1/L/R5/48,quintuplet,f_x2,0.006666666666666667,0.0018301483579117855,0.023977583250306973,300,0.4940472494957435,0.0,0.988094498991487,5.1259638144643365,6400,0.013333333333333334,,5.731712942491216e-05,True,1.9742387444007326e-06
e1/L/R5/48,quintuplet,mid_x2_max,0.006666666666666667,0.0018301483579117855,0.023977583250306973,300,0.0,0.0,0.0,5.470987042072462,6400,0.006666666666666667,,3.225893325621228e-05,True,5.546579618149366e-06
e1/W/R5/26,quadruplet,zero,0.13333333333333333,0.09946641683411198,0.1764717620638884,300,0.2424712516265508,0.19889002784945775,0.67067228145211,0.0,6400,6399.566666666667,0.0,0.48840157930143924,True,0.005851429421278365
e1/W/R5/26,quadruplet,p50,0.30666666666666664,0.2572057600770161,0.3610161887964749,300,0.19889002784945775,0.0,0.2424712516265508,2.0622363965596664,6400,3207.37,50.0,1.7800533695230059,True,0.005154439408726841
e1/W/R5/26,quadruplet,p60,0.42333333333333334,0.3687385228107271,0.47986673277703656,300,0.04778067950188493,0.0,0.2424712516265508,2.2316892100866523,6400,2574.846666666667,60.0,1.8343368366479738,True,0.013718507377599831
e1/W/R5/26,quadruplet,p70,0.33666666666666667,0.2855553679085868,0.39190800269143145,300,0.19889002784945775,0.0,0.2424712516265508,2.4103391606557687,6400,1916.9566666666667,70.0,1.7483506565604259,True,0.0075712709994624205
e1/W/R5/26,quadruplet,p75,0.4066666666666667,0.3526017598634212,0.46309159476516065,300,0.04778067950188493,0.0,0.2424712516265508,2.5321332166433397,6400,1598.67,75.0,1.6395554117937927,True,0.002679307218137028
e1/W/R5/26,quadruplet,p80,0.47,0.4142588116594049,0.5264997666140677,300,0.04778067950188493,0.0,0.2424712516265508,2.651318962679922,6400,1281.8966666666668,80.0,1.4783299720160679,True,0.009987389396097335
e1/W/R5/26,quadruplet,p85,0.45666666666666667,0.40120290256178365,0.5132261549443436,300,0.04778067950188493,0.0,0.2424712516265508,2.7715619445900863,6400,958.18,85.0,1.2544659378306193,True,0.012871396578681082
e1/W/R5/26,quadruplet,p90,0.35,0.29823200252235404,0.4055608888450096,300,0.19889002784945775,0.0,0.2424712516265508,2.947635574192717,6400,638.0133333333333,90.0,0.9612959794123139,True,0.006006914305021427
e1/W/R5/26,quadruplet,p92.5,0.32666666666666666,0.2760784389482685,0.3816377910762407,300,0.19889002784945775,0.0,0.2424712516265508,3.063493824087476,6400,481.7866666666667,92.5,0.7833359941411737,True,0.003452012317647024
e1/W/R5/26,quadruplet,p95,0.36,0.30776933517318583,0.4157706967696869,300,0.12446952670249553,0.0,0.2424712516265508,3.1995547591154145,6400,320.24666666666667,95.0,0.5682280963182018,True,0.010717725397701439
e1/W/R5/26,quadruplet,p97.5,0.14333333333333334,0.1081847423238497,0.18750057714965976,300,0.24122475555294412,0.04778067950188493,0.3579799844033902,3.385882761633758,6400,159.65,97.5,0.32012925139783727,True,0.0023700254506066054
e1/W/R5/26,quadruplet,p99,0.10666666666666667,0.07657584904594214,0.14670328831736743,300,0.2466707073513427,0.12446952670249553,0.6035683353627983,3.6331248802498877,6400,64.92333333333333,99.0,0.14371312204058995,True,0.002062120897082395
e1/W/R5/26,quadruplet,p99.5,0.05,0.03053164062934728,0.08084703347274415,300,0.3754343660292463,0.23827179590175765,0.6541096463422665,3.748983130144647,6400,33.556666666666665,99.5,0.0790628267443726,True,0.001517980639473504
e1/W/R5/26,quadruplet,p99.9,0.016666666666666666,0.00713947735063333,0.0384153948330945,300,0.4782500553810964,0.2424712516265508,0.6664728257273169,4.0405565101583685,6400,6.433333333333334,99.9,0.01747890129297613,False,-0.0002222246200465662
e1/W/R5/26,quadruplet,f_x2,0.0033333333333333335,0.0005886577218511581,0.018636693694531237,300,0.0,0.0,0.0,4.631447487327543,6400,0.0033333333333333335,,4.1209172934912055e-05,True,9.553493070333513e-08
e1/W/R5/26,quadruplet,mid_x2_max,0.0033333333333333335,0.0005886577218511581,0.018636693694531237,300,0.0,0.0,0.0,4.648143426577066,6400,0.0033333333333333335,,2.075262599594082e-05,True,4.448737493349642e-06
e1/W/R5/26,quintuplet,zero,0.12333333333333334,0.09081731429366795,0.1653737240288234,300,0.2466707073513427,0.17526556665871232,0.504045251622196,0.0,6400,6399.566666666667,0.0,0.48840157930143924,True,0.0015800201717031115
e1/W/R5/26,quintuplet,p50,0.45666666666666667,0.40120290256178365,0.5132261549443436,300,0.04778067950188493,0.0,0.04778067950188493,2.0622363965596664,6400,3207.37,50.0,1.7800533695230059,True,0.003264492190271362
e1/W/R5/26,quintuplet,p60,0.5433333333333333,0.48677384505565635,0.5987970974382163,300,0.0,0.0,0.04778067950188493,2.2316892100866523,6400,2574.846666666667,60.0,1.8343368366479738,True,0.0041498360104897936
e1/W/R5/26,quintuplet,p70,0.5366666666666666,0.4801320652390865,0.5922741168711132,300,0.0,0.0,0.04778067950188493,2.4103391606557687,6400,1916.9566666666667,70.0,1.7483506565604259,True,0.003518176312134802
e1/W/R5/26,quintuplet,p75,0.5533333333333333,0.496755238029873,0.6085628450395089,300,0.0,0.0,0.04778067950188493,2.5321332166433397,6400,1598.67,75.0,1.6395554117937927,True,0.003948088863058419
e1/W/R5/26,quintuplet,p80,0.6133333333333333,0.5571245198072374,0.6666764067151987,300,0.0,0.0,0.04778067950188493,2.651318962679922,6400,1281.8966666666668,80.0,1.4783299720160679,True,0.005060351776735361
e1/W/R5/26,quintuplet,p85,0.5733333333333334,0.5167859400590311,0.6280264241613689,300,0.0,0.0,0.04778067950188493,2.7715619445900863,6400,958.18,85.0,1.2544659378306193,True,0.004139651535980948
e1/W/R5/26,quintuplet,p90,0.43666666666666665,0.3816939930978369,0.49324078325727216,300,0.04778067950188493,0.0,0.07668884720061188,2.947635574192717,6400,638.0133333333333,90.0,0.9612959794123139,True,0.0042193853514170265
e1/W/R5/26,quintuplet,p92.5,0.45,0.394689901646408,0.5065743954760465,300,0.04778067950188493,0.0,0.12446952670249553,3.063493824087476,6400,481.7866666666667,92.5,0.7833359941411737,True,0.005952214005570666
e1/W/R5/26,quintuplet,p95,0.44333333333333336,0.38818691756565193,0.4999126191731299,300,0.04778067950188493,0.0,0.12446952670249553,3.1995547591154145,6400,320.24666666666667,95.0,0.5682280963182018,True,0.005470930667220708
e1/W/R5/26,quintuplet,p97.5,0.20333333333333334,0.16167385164165787,0.25249431128490607,300,0.1583335533399734,0.04778067950188493,0.2424712516265508,3.385882761633758,6400,159.65,97.5,0.32012925139783727,True,0.0031276629916472676
e1/W/R5/26,quintuplet,p99,0.12666666666666668,0.09369224846506602,0.16908117004926165,300,0.19219757997745124,0.04778067950188493,0.28605247540364387,3.6331248802498877,6400,64.92333333333333,99.0,0.14371312204058995,True,0.00212964851629506
e1/W/R5/26,quintuplet,p99.5,0.05333333333333334,0.03309191251909646,0.08486914177483133,300,0.2424712516265508,0.12446952670249553,0.3983146497515917,3.748983130144647,6400,33.556666666666665,99.5,0.0790628267443726,True,0.0014704983412396136
e1/W/R5/26,quintuplet,p99.9,0.02666666666666667,0.01357306980864708,0.05172894295058982,300,0.3754343660292463,0.23997825947933743,0.581578724226783,4.0405565101583685,6400,6.433333333333334,99.9,0.01747890129297613,True,0.000412917436498305
e1/W/R5/26,quintuplet,f_x2,0.0033333333333333335,0.0005886577218511581,0.018636693694531237,300,0.0,0.0,0.0,4.631447487327543,6400,0.0033333333333333335,,4.1209172934912055e-05,True,9.553493070330803e-08
e1/W/R5/26,quintuplet,mid_x2_max,0.0033333333333333335,0.0005886577218511581,0.018636693694531237,300,0.0,0.0,0.0,4.648143426577066,6400,0.0033333333333333335,,2.075262599594082e-05,True,4.448737493349642e-06
