family,n_rules,method,n,instances,runs_per_instance,distance_median,distance_q25,distance_q75,rank_median,rank_q25,rank_q75,distance_mp_median
L,1,annealing,50,100,10,4.4563879924658645,3.7367949319753104,5.770685661871567,0.9800748825073242,0.9283485412597656,0.9902133941650392,
L,1,annealing,100,100,10,4.352130565875494,3.2288294111823,4.900844505139466,0.9890899658203124,0.9515812397003174,0.9982938766479492,
L,1,annealing,200,100,10,3.736794931975311,2.491196621316873,4.738791022072738,0.9942655563354492,0.9827775955200196,0.9993934631347656,
L,1,annealing,400,100,10,2.843274613243643,2.073163354853558,4.352130565875492,0.9990777969360352,0.9931516647338868,0.9999618530273438,
L,1,annealing,800,100,10,2.1525529407882003,1.245598310658437,3.0650441127076844,0.9999618530273438,0.9990520477294922,0.9999990463256836,
L,1,annealing,1600,100,10,1.5325220563538424,0.0,2.176065282937748,0.9999990463256836,0.9999618530273438,1.0,
L,1,annealing,3200,100,10,1.2455983106584363,0.0,1.6245538642137909,0.9999990463256836,0.9999914169311525,1.0,
L,1,annealing,6400,100,10,0.0,0.0,1.62455386421379,1.0,0.9999990463256836,1.0,
L,1,annealing,12800,100,10,0.0,0.0,1.2455983106584372,1.0,0.9999990463256836,1.0,
L,1,annealing,25600,100,10,0.0,0.0,0.0,1.0,1.0,1.0,
L,1,annealing,51200,100,10,0.0,0.0,0.0,1.0,1.0,1.0,
L,1,annealing,102400,100,10,0.0,0.0,0.0,1.0,1.0,1.0,
L,1,quadruplet,50,100,10,2.491196621316874,2.1525529407882007,3.567549686826161,0.9993934631347656,0.9982938766479492,0.9999513626098632,2.843274613243643
L,1,quadruplet,100,100,10,2.228193996232932,1.6245538642137904,3.249107728427581,0.9998722076416016,0.9989748001098632,0.9999895095825196,2.228193996232932
L,1,quadruplet,200,100,10,1.7555673025548897,1.2455983106584363,2.228193996232932,0.999985694885254,0.9998674392700196,0.9999990463256836,1.9511937973570523
L,1,quadruplet,400,100,10,1.4426714154678917,0.0,2.1760652829377456,0.9999990463256836,0.9999618530273438,1.0,1.442671415467892
L,1,quadruplet,800,100,10,1.2455983106584363,0.0,1.6245538642137909,0.9999990463256836,0.9999914169311525,1.0,1.2455983106584363
L,1,quadruplet,1600,100,10,0.0,0.0,1.6245538642137909,1.0,0.9999990463256836,1.0,0.0
L,1,quadruplet,3200,100,10,0.0,0.0,1.6245538642137904,1.0,0.9999990463256836,1.0,0.0
L,1,quadruplet,6400,100,10,0.0,0.0,1.62455386421379,1.0,0.9999990463256836,1.0,0.0
L,1,quadruplet,12800,100,10,0.0,0.0,1.245598310658437,1.0,0.9999990463256836,1.0,0.0
L,1,quadruplet,25600,100,10,0.0,0.0,1.2455983106584363,1.0,0.9999990463256836,1.0,0.0
L,1,quadruplet,51200,100,10,0.0,0.0,0.0,1.0,1.0,1.0,0.0
L,1,quadruplet,102400,100,10,0.0,0.0,0.0,1.0,1.0,1.0,0.0
L,1,quintuplet,50,100,10,2.491196621316874,2.1525529407882003,4.1311822359545785,0.9991416931152344,0.9982938766479492,0.9998769760131836,2.4911966213168744
L,1,quintuplet,100,100,10,2.176065282937747,1.62455386421379,2.885342830935784,0.9998769760131836,0.9993934631347656,0.9999914169311525,2.176065282937747
L,1,quintuplet,200,100,10,1.6245538642137909,1.0762764703941,2.176065282937748,0.9999914169311525,0.9999618530273438,0.9999990463256836,1.6245538642137909
L,1,quintuplet,400,100,10,1.2455983106584363,0.0,1.6245538642137909,0.9999990463256836,0.9999914169311525,1.0,1.2455983106584363
L,1,quintuplet,800,100,10,0.0,0.0,1.62455386421379,1.0,0.9999990463256836,1.0,0.0
L,1,quintuplet,1600,100,10,0.0,0.0,1.245598310658437,1.0,0.9999990463256836,1.0,0.0
L,1,quintuplet,3200,100,10,0.0,0.0,0.0,1.0,1.0,1.0,0.0
L,1,quintuplet,6400,100,10,0.0,0.0,0.0,1.0,1.0,1.0,0.0
L,1,quintuplet,12800,100,10,0.0,0.0,0.0,1.0,1.0,1.0,0.0
L,1,quintuplet,25600,100,10,0.0,0.0,0.0,1.0,1.0,1.0,0.0
L,1,quintuplet,51200,100,10,0.0,0.0,0.0,1.0,1.0,1.0,0.0
L,1,quintuplet,102400,100,10,0.0,0.0,0.0,1.0,1.0,1.0,0.0
L,1,random,50,10,10,3.249107728427581,2.491196621316873,4.146326709707116,0.9982938766479492,0.9899325370788574,0.9990501403808594,3.249107728427581
L,1,random,100,10,10,3.2288294111823,2.1760652829377465,3.2491077284275813,0.9985675811767578,0.9982938766479492,0.9997329711914062,3.2288294111823
L,1,random,200,10,10,2.1760652829377465,2.0731633548535577,3.249107728427581,0.9997329711914062,0.9982938766479492,0.9999713897705078,2.228193996232932
L,1,random,400,10,10,2.1760652829377465,1.6245538642137909,2.7541214906363853,0.9998674392700196,0.9993934631347656,0.9999990463256836,2.491196621316873
L,1,random,800,10,10,2.0731633548535577,1.62455386421379,2.189097461261543,0.9999713897705078,0.9997329711914062,0.9999990463256836,3.73679493197531
L,1,random,1600,10,10,1.6245538642137909,1.2455983106584363,2.1760652829377465,0.9999990463256836,0.9999618530273438,0.9999990463256836,4.352130565875493
L,1,random,3200,10,10,1.6245538642137904,1.2455983106584363,2.0930107513372183,0.9999990463256836,0.9999690055847168,0.9999990463256836,4.4563879924658645
L,1,random,6400,10,10,1.62455386421379,1.0762764703940997,1.6245538642137909,0.9999990463256836,0.9999914169311525,0.9999990463256836,4.352130565875493
L,1,random,12800,10,10,1.377060745318193,0.0,1.6245538642137909,0.9999990463256836,0.9999914169311525,1.0,4.665024792553618
L,1,random,25600,10,10,1.377060745318193,0.0,1.6245538642137904,0.9999990463256836,0.9999990463256836,1.0,4.873661592641372
L,1,random,51200,10,10,1.2455983106584363,0.0,1.62455386421379,0.9999990463256836,0.9999990463256836,1.0,4.873661592641372
L,1,random,102400,10,10,1.160937390526268,0.0,1.62455386421379,0.9999990463256836,0.9999990463256836,1.0,4.873661592641372
L,2,annealing,50,100,10,4.467879017905974,3.392006017490633,5.766837153303832,0.9405689239501952,0.8644747734069824,0.98465895652771,
L,2,annealing,100,100,10,4.138256357287535,2.978036240734993,5.518625959268635,0.9732580184936525,0.9206943511962892,0.9935214519500732,
L,2,annealing,200,100,10,3.192788976171041,2.243235513187199,4.751460003388924,0.991389274597168,0.9664957523345948,0.9989604949951172,
L,2,annealing,400,100,10,2.2378852742458664,1.3812389267807794,3.6028778148899505,0.999138355255127,0.9936037063598632,0.9999322891235352,
L,2,annealing,800,100,10,1.3414482508137404,0.627202946056538,2.2054769140775363,0.999948501586914,0.9995007514953612,0.9999980926513672,
L,2,annealing,1600,100,10,0.8631610138096525,0.0,1.437665174479835,0.9999942779541016,0.9999418258666992,1.0,
L,2,annealing,3200,100,10,0.1754754458270179,0.0,1.0334972144679588,0.9999990463256836,0.999985694885254,1.0,
L,2,annealing,6400,100,10,0.0,0.0,0.7374477950841387,1.0,0.9999980926513672,1.0,
L,2,annealing,12800,100,10,0.0,0.0,0.3631703909422919,1.0,0.9999990463256836,1.0,
L,2,annealing,25600,100,10,0.0,0.0,0.0,1.0,1.0,1.0,
L,2,annealing,51200,100,10,0.0,0.0,0.0,1.0,1.0,1.0,
L,2,annealing,102400,100,10,0.0,0.0,0.0,1.0,1.0,1.0,
L,2,quadruplet,50,100,10,2.689833144080666,2.0930177916933785,3.945545751768648,0.9976367950439452,0.9918813705444336,0.999363660812378,2.8744213631668165
L,2,quadruplet,100,100,10,2.2139369614372826,1.5343594056123622,3.0288875280194136,0.9993829727172852,0.9976024627685548,0.9998676776885986,2.3011151208359357
L,2,quadruplet,200,100,10,1.726322027619305,1.0961468685831448,2.4376254289573867,0.9998445510864258,0.9991436004638672,0.9999847412109376,1.8581576727635312
L,2,quadruplet,400,100,10,1.2071803178720604,0.5752660943205556,1.8583427998159976,0.9999732971191406,0.9997797012329102,0.9999990463256836,1.3158428036568588
L,2,quadruplet,800,100,10,0.8264228211815627,0.0,1.4493198222717436,0.9999942779541016,0.9999103546142578,1.0,0.9078876761321576
L,2,quadruplet,1600,100,10,0.3949850132514803,0.0,1.2815509179449758,0.9999990463256836,0.9999637603759766,1.0,0.4523630507561685
L,2,quadruplet,3200,100,10,0.0,0.0,1.01724761138858,1.0,0.9999828338623048,1.0,0.0034559383187074
L,2,quadruplet,6400,100,10,0.0,0.0,0.7475823517211676,1.0,0.9999942779541016,1.0,0.0
L,2,quadruplet,12800,100,10,0.0,0.0,0.5764392554779851,1.0,0.9999971389770508,1.0,0.0
L,2,quadruplet,25600,100,10,0.0,0.0,0.3650042219931818,1.0,0.9999990463256836,1.0,0.0
L,2,quadruplet,51200,100,10,0.0,0.0,0.1765124178510174,1.0,0.9999990463256836,1.0,0.0
L,2,quadruplet,102400,100,10,0.0,0.0,0.0148376954900188,1.0,0.9999990463256836,1.0,0.0
L,2,quintuplet,50,100,10,2.7859096992975427,2.142555046005558,3.991028435524423,0.997122287750244,0.9901580810546876,0.999237060546875,2.8593979295084107
L,2,quintuplet,100,100,10,2.18061707571978,1.5343594056123622,3.0197934624719656,0.999384880065918,0.9978675842285156,0.9998712539672852,2.2164879318843576
L,2,quintuplet,200,100,10,1.5343594056123622,1.0303939926426866,2.2426212081731998,0.9998769760131836,0.9995040893554688,0.9999897480010986,1.5538051062488305
L,2,quintuplet,400,100,10,1.09042753779014,0.4118798441329698,1.578586824535786,0.9999847412109376,0.9998626708984376,0.9999990463256836,1.0961468685831448
L,2,quintuplet,800,100,10,0.5871013146482978,0.0,1.133720623902285,0.9999980926513672,0.9999752044677734,1.0,0.6257205176673756
L,2,quintuplet,1600,100,10,0.0,0.0,0.8044474230236399,1.0,0.9999961853027344,1.0,0.0
L,2,quintuplet,3200,100,10,0.0,0.0,0.4148702026955236,1.0,0.9999990463256836,1.0,0.0
L,2,quintuplet,6400,100,10,0.0,0.0,0.1535272818193799,1.0,0.9999990463256836,1.0,0.0
L,2,quintuplet,12800,100,10,0.0,0.0,0.0063013776115353,1.0,0.9999990463256836,1.0,0.0
L,2,quintuplet,25600,100,10,0.0,0.0,0.0,1.0,1.0,1.0,0.0
L,2,quintuplet,51200,100,10,0.0,0.0,0.0,1.0,1.0,1.0,0.0
L,2,quintuplet,102400,100,10,0.0,0.0,0.0,1.0,1.0,1.0,0.0
L,2,random,50,10,10,3.2571665249627317,2.628807164132807,4.427873922874566,0.9899139404296876,0.9815521240234376,0.9971466064453124,3.2571665249627317
L,2,random,100,10,10,2.787142971977741,2.1714443499751543,4.023887881116332,0.9963054656982422,0.989863395690918,0.9992220401763916,2.787142971977741
L,2,random,200,10,10,2.534538794326997,2.110626144528364,3.659209639670561,0.9984569549560548,0.9952266216278076,0.9996185302734376,2.589732103705688
L,2,random,400,10,10,2.2139369614372826,1.456060995517765,3.269454764834304,0.999319076538086,0.998361110687256,0.9998188018798828,2.628807164132807
L,2,random,800,10,10,2.1845222077237594,1.2815509179449758,2.691012491703728,0.9996399879455566,0.99918794631958,0.9998712539672852,3.945282767781492
L,2,random,1600,10,10,1.8939997768820456,1.2071803178720604,2.6825919207442213,0.9998188018798828,0.9995732307434082,0.9999618530273438,4.368182986553294
L,2,random,3200,10,10,1.456060995517765,1.0857221749875776,2.3704647630902898,0.9999227523803712,0.9998188018798828,0.9999752044677734,4.7772732291338
L,2,random,6400,10,10,1.2815509179449758,0.9892736753697088,1.9281588044621931,0.9999618530273438,0.999908447265625,0.999990463256836,4.435527187944517
L,2,random,12800,10,10,1.171652705349697,0.4533442496276701,1.57354992892197,0.9999752044677734,0.9999494552612304,0.9999914169311525,4.894612367330945
L,2,random,25600,10,10,1.0577629291491113,0.4148702026955236,1.3412959603721106,0.999990463256836,0.9999723434448242,0.9999990463256836,4.7772732291338
L,2,random,51200,10,10,0.4934124262313637,0.0,1.2114914471088127,0.9999971389770508,0.999990463256836,1.0,4.694011977170107
L,2,random,102400,10,10,0.4536713159181706,0.0,1.0857221749875776,0.9999990463256836,0.9999947547912598,1.0,4.427873922874566
L,3,annealing,50,100,10,3.9006280258715296,2.878759151207634,5.068342423613327,0.9420347213745116,0.8428916931152344,0.9837229251861572,
L,3,annealing,100,100,10,3.460237978715951,2.482092029637016,4.652098989593402,0.9723811149597168,0.9080052375793456,0.993659734725952,
L,3,annealing,200,100,10,2.629254313701483,1.8450413473772889,3.928621733122721,0.9939117431640624,0.9703848361968994,0.9989709854125975,
L,3,annealing,400,100,10,1.761825935169654,1.050960324064016,2.638928031100023,0.999384880065918,0.9961566925048828,0.999943733215332,
L,3,annealing,800,100,10,1.0536414911876355,0.4640118727417147,1.658609826548837,0.999958038330078,0.999642848968506,0.9999971389770508,
L,3,annealing,1600,100,10,0.6541697639985529,0.0,1.1456786712856903,0.9999942779541016,0.9999537467956544,1.0,
L,3,annealing,3200,100,10,0.1158921644043544,0.0,0.8634887582148247,0.9999990463256836,0.9999933242797852,1.0,
L,3,annealing,6400,100,10,0.0,0.0,0.5014738303378614,1.0,0.9999980926513672,1.0,
L,3,annealing,12800,100,10,0.0,0.0,0.0998464036856275,1.0,0.9999990463256836,1.0,
L,3,annealing,25600,100,10,0.0,0.0,0.0,1.0,1.0,1.0,
L,3,annealing,51200,100,10,0.0,0.0,0.0,1.0,1.0,1.0,
L,3,annealing,102400,100,10,0.0,0.0,0.0,1.0,1.0,1.0,
L,3,quadruplet,50,100,10,2.400115327262098,1.8034546543105408,3.2116495667332785,0.9966592788696288,0.9911842346191406,0.9990928173065186,2.4895281164293266
L,3,quadruplet,100,100,10,2.0608304172360192,1.4171238906007977,2.677271089111645,0.9986515045166016,0.9964094161987304,0.9997284412384032,2.2003348431243515
L,3,quadruplet,200,100,10,1.5979853931272856,1.082625723382205,2.238062479837461,0.9996175765991212,0.998293399810791,0.9999523162841796,1.684634548788657
L,3,quadruplet,400,100,10,1.2237639278170542,0.7921803163761436,1.713906009735294,0.9999055862426758,0.9994254112243652,0.999990463256836,1.3109843255719666
L,3,quadruplet,800,100,10,0.973349391350524,0.2145321304219178,1.4072901193236873,0.9999637603759766,0.9997844696044922,0.9999990463256836,1.0300549262639644
L,3,quadruplet,1600,100,10,0.7316905010394303,0.0,1.2239367474313096,0.9999890327453612,0.9998891353607178,1.0,0.836203598348063
L,3,quadruplet,3200,100,10,0.5054315837288773,0.0,1.0233118677204138,0.9999961853027344,0.9999561309814452,1.0,0.6011374760478216
L,3,quadruplet,6400,100,10,0.3698671075689679,0.0,0.8886523764034692,0.9999980926513672,0.9999704360961914,1.0,0.4366848608635044
L,3,quadruplet,12800,100,10,0.1564527331203653,0.0,0.7212740664335796,0.9999990463256836,0.9999885559082032,1.0,0.2302059947045469
L,3,quadruplet,25600,100,10,0.0,0.0,0.5744166722770493,1.0,0.9999942779541016,1.0,0.072526193000101
L,3,quadruplet,51200,100,10,0.0,0.0,0.4369827889589604,1.0,0.9999971389770508,1.0,0.0
L,3,quadruplet,102400,100,10,0.0,0.0,0.230929375910974,1.0,0.9999990463256836,1.0,0.0
L,3,quintuplet,50,100,10,2.491541622762749,1.874968881567796,3.339172070706235,0.9958906173706056,0.9893817901611328,0.998642921447754,2.507962126918251
L,3,quintuplet,100,100,10,2.042872381031926,1.4252197574841925,2.684132203899744,0.9987678527832032,0.9966189861297609,0.9997034072875975,2.074678037666465
L,3,quintuplet,200,100,10,1.459735736201213,1.0239780410414778,2.053714803716506,0.999718189239502,0.9989509582519532,0.9999589920043944,1.511884789930538
L,3,quintuplet,400,100,10,1.1032590736236685,0.6431579342755157,1.5266657530824763,0.9999513626098632,0.9997248649597168,0.9999942779541016,1.1304982351827528
L,3,quintuplet,800,100,10,0.7854426166381313,0.1154211424500672,1.1488812990954749,0.9999895095825196,0.9999361038208008,0.9999990463256836,0.8057146831687264
L,3,quintuplet,1600,100,10,0.4363869327680483,0.0,0.9343796951355732,0.9999980926513672,0.999969244003296,1.0,0.4580943644804273
L,3,quintuplet,3200,100,10,0.1154211424500672,0.0,0.716030069284889,0.9999990463256836,0.9999914169311525,1.0,0.1158921644043544
L,3,quintuplet,6400,100,10,0.0,0.0,0.505902946956365,1.0,0.999995231628418,1.0,0.0
L,3,quintuplet,12800,100,10,0.0,0.0,0.3600570856751076,1.0,0.9999980926513672,1.0,0.0
L,3,quintuplet,25600,100,10,0.0,0.0,0.2302059947045469,1.0,0.9999990463256836,1.0,0.0
L,3,quintuplet,51200,100,10,0.0,0.0,0.1131811530278421,1.0,0.9999990463256836,1.0,0.0
L,3,quintuplet,102400,100,10,0.0,0.0,0.0099954185722332,1.0,0.9999990463256836,1.0,0.0
L,3,random,50,10,10,3.305397475744832,2.599954369105967,3.930543517013487,0.990015983581543,0.9803128242492676,0.99662446975708,3.305397475744832
L,3,random,100,10,10,3.1092948044533597,2.488579874413017,3.739483668959372,0.9949522018432616,0.9890117645263672,0.9979958534240724,3.1092948044533597
L,3,random,200,10,10,2.8328254897403022,2.211613116121671,3.5792639547668825,0.9974355697631836,0.995152235031128,0.9989509582519532,2.84616447231708
L,3,random,400,10,10,2.4900208611480377,1.9228026887888687,3.1165065279055857,0.9985852241516112,0.9972383975982666,0.9993734359741212,2.761242859551282
L,3,random,800,10,10,2.1940382323097816,1.628859418585384,2.8357552069902283,0.9993257522583008,0.9988927841186525,0.9997515678405762,3.55847125017415
L,3,random,1600,10,10,1.7478614311565557,1.4784171829949575,2.5074204717077464,0.9996500015258788,0.9993140697479248,0.9999256134033204,4.452069007417263
L,3,random,3200,10,10,1.5609095259179449,1.0069471636278546,2.1268602853473446,0.9998836517333984,0.9996728897094728,0.9999535083770752,4.773389968008712
L,3,random,6400,10,10,1.4164127448701511,0.960764191947416,1.7804597686761396,0.999929428100586,0.9998836517333984,0.9999709129333496,4.866307001662777
L,3,random,12800,10,10,1.2311153162096056,0.7663464942196638,1.5609095259179449,0.9999704360961914,0.999929428100586,0.9999942779541016,4.819654433410464
L,3,random,25600,10,10,0.921207103659637,0.719760499873026,1.4307265805560991,0.9999876022338868,0.999969244003296,0.9999942779541016,5.184581908351707
L,3,random,51200,10,10,0.8326286644977934,0.4640118727417147,1.4164127448701511,0.999990463256836,0.9999799728393556,0.9999980926513672,4.816622584310151
L,3,random,102400,10,10,0.719760499873026,0.3211073663500167,1.4164127448701511,0.9999971389770508,0.999990463256836,0.9999990463256836,4.866307001662777
L,4,annealing,50,100,10,3.81259671636578,2.7849128953152507,5.068591346776821,0.9303216934204102,0.8228437900543213,0.981337070465088,
L,4,annealing,100,100,10,3.257508405189113,2.2325356698154586,4.605554281166414,0.9757299423217772,0.9153671264648438,0.9943718910217284,
L,4,annealing,200,100,10,2.3340210438941478,1.5183967208923992,3.5479079237466062,0.9958791732788086,0.9797577857971193,0.9993495941162108,
L,4,annealing,400,100,10,1.4055146806212764,0.8086953505172265,2.3443982472937184,0.9996609687805176,0.997873306274414,0.9999628067016602,
L,4,annealing,800,100,10,0.8152089916215107,0.1994108355195607,1.341201707710047,0.9999675750732422,0.9997761249542236,0.9999990463256836,
L,4,annealing,1600,100,10,0.5041987207258686,0.0,1.0134333327668563,0.999995231628418,0.9999492168426514,1.0,
L,4,annealing,3200,100,10,0.195051299325548,0.0,0.6820402447239374,0.9999990463256836,0.9999847412109376,1.0,
L,4,annealing,6400,100,10,0.0,0.0,0.4368855248118568,1.0,0.9999971389770508,1.0,
L,4,annealing,12800,100,10,0.0,0.0,0.1862169676005073,1.0,0.9999990463256836,1.0,
L,4,annealing,25600,100,10,0.0,0.0,0.0,1.0,1.0,1.0,
L,4,annealing,51200,100,10,0.0,0.0,0.0,1.0,1.0,1.0,
L,4,annealing,102400,100,10,0.0,0.0,0.0,1.0,1.0,1.0,
L,4,quadruplet,50,100,10,2.366560431253657,1.7082013102020743,3.2221681024480517,0.995525360107422,0.9879906177520752,0.9986541271209716,2.474243221657866
L,4,quadruplet,100,100,10,1.9375174034622409,1.3800398378910437,2.636145601845717,0.9985308647155762,0.9955501556396484,0.999671220779419,2.070196304284785
L,4,quadruplet,200,100,10,1.4426722655602393,0.9982215482931692,2.0565449424560445,0.999603271484375,0.9983458518981934,0.999929904937744,1.565294603420293
L,4,quadruplet,400,100,10,1.0979389722461723,0.6258925492844137,1.5613632794064374,0.9998655319213868,0.999422550201416,0.9999878406524658,1.1972908115102163
L,4,quadruplet,800,100,10,0.7900854216786792,0.2444782869147831,1.213459060937256,0.9999637603759766,0.9997684955596924,0.9999990463256836,0.8838578905274557
L,4,quadruplet,1600,100,10,0.5599857523003661,0.0,1.0246348161611705,0.9999866485595704,0.9999072551727296,1.0,0.6275813472473923
L,4,quadruplet,3200,100,10,0.3867604568119983,0.0,0.8543210116621859,0.999995231628418,0.9999418258666992,1.0,0.4725781562817253
L,4,quadruplet,6400,100,10,0.3021990771754064,0.0,0.7018735018838217,0.9999971389770508,0.9999637603759766,1.0,0.3808523067690938
L,4,quadruplet,12800,100,10,0.1552415803087671,0.0,0.5708272322859096,0.9999990463256836,0.9999799728393556,1.0,0.2874449718337571
L,4,quadruplet,25600,100,10,0.0557184037863425,0.0,0.4549298059156192,0.9999990463256836,0.9999885559082032,1.0,0.2326745984085256
L,4,quadruplet,51200,100,10,0.0,0.0,0.3672745482061849,1.0,0.9999942779541016,1.0,0.1552415803087671
L,4,quadruplet,102400,100,10,0.0,0.0,0.2915457120982613,1.0,0.9999971389770508,1.0,0.0749692844889162
L,4,quintuplet,50,100,10,2.418873658409861,1.7667591257556468,3.3399042589693173,0.9951715469360352,0.9869747161865234,0.9983558654785156,2.4472753826685416
L,4,quintuplet,100,100,10,1.8958820524646487,1.3401546861390552,2.667263159997389,0.9987058639526368,0.9956388473510742,0.9996979236602784,1.979458832081351
L,4,quintuplet,200,100,10,1.4281085021461268,0.9441364382344845,2.006544389714867,0.9997014999389648,0.9988927841186525,0.9999361038208008,1.4583000118049427
L,4,quintuplet,400,100,10,0.9963689233676404,0.562867543050011,1.4055146806212764,0.9999256134033204,0.9996705055236816,0.9999923706054688,1.0486530874954925
L,4,quintuplet,800,100,10,0.6276117864933036,0.1656149100558341,1.0272377297362263,0.999985694885254,0.9999065399169922,0.9999990463256836,0.6641166985214845
L,4,quintuplet,1600,100,10,0.3711912756468083,0.0,0.7907588304202995,0.9999961853027344,0.9999628067016602,1.0,0.388706536018253
L,4,quintuplet,3200,100,10,0.1765257400055743,0.0,0.6006680364882767,0.9999990463256836,0.9999818801879884,1.0,0.1913090094341102
L,4,quintuplet,6400,100,10,0.014876239937066,0.0,0.4481324198884863,0.9999990463256836,0.999988317489624,1.0,0.0216328510058111
L,4,quintuplet,12800,100,10,0.0,0.0,0.3613753539896793,1.0,0.9999942779541016,1.0,0.0
L,4,quintuplet,25600,100,10,0.0,0.0,0.278644952652896,1.0,0.9999961853027344,1.0,0.0
L,4,quintuplet,51200,100,10,0.0,0.0,0.1650508940285334,1.0,0.9999980926513672,1.0,0.0
L,4,quintuplet,102400,100,10,0.0,0.0,0.0959935520991679,1.0,0.9999990463256836,1.0,0.0
L,4,random,50,10,10,4.045845226470581,2.222439601971291,5.761105082479203,0.9856152534484864,0.97607684135437,0.992511749267578,4.045845226470581
L,4,random,100,10,10,3.417715272934976,1.96441811721061,4.903973694103401,0.992743968963623,0.9873125553131104,0.9972915649414062,3.417715272934976
L,4,random,200,10,10,2.809660924324393,1.6602399365771805,4.589448395148939,0.997035026550293,0.9939539432525636,0.999197006225586,2.809660924324393
L,4,random,400,10,10,2.697230150980388,1.4683064374829653,4.12636193380165,0.9985604286193848,0.9971179962158204,0.9996099472045898,2.9220916976683977
L,4,random,800,10,10,2.430814531032384,1.2656814912426768,3.7867925438738657,0.9992756843566896,0.9984519481658936,0.9998049736022948,3.551645630979193
L,4,random,1600,10,10,2.342492631847248,1.135270746315396,3.431696370811429,0.9997172355651855,0.9993846416473388,0.9999189376831056,4.768913889336467
L,4,random,3200,10,10,1.9774830191889143,0.9865115804848212,3.055427924882032,0.999847412109375,0.999678373336792,0.9999358654022216,4.749278897236625
L,4,random,6400,10,10,1.948061131778932,0.737181487012547,2.674412008181046,0.9999237060546876,0.9998452663421632,0.9999732971191406,5.524806325900288
L,4,random,12800,10,10,1.3601061949850872,0.7245838000015167,2.3944173900545684,0.9999561309814452,0.999919891357422,0.9999914169311525,4.979593357836357
L,4,random,25600,10,10,1.1696879391435089,0.5087107110948681,1.6561872975089866,0.9999847412109376,0.9999542236328124,0.999995231628418,5.201998686090658
L,4,random,51200,10,10,0.7251100987314161,0.2423796462392037,1.361367446474965,0.9999923706054688,0.9999845027923584,0.9999980926513672,5.3412979625882295
L,4,random,102400,10,10,0.4773314672313014,0.0959935520991679,1.3358627045054217,0.9999971389770508,0.9999923706054688,0.9999990463256836,5.4199650439303175
L,5,annealing,50,100,10,3.959027334311793,2.7838448632229738,5.408466422450062,0.9325056076049804,0.8387546539306641,0.982001543045044,
L,5,annealing,100,100,10,3.3730572237973293,2.259002408380298,5.085022484389263,0.9686050415039062,0.904371976852417,0.9930853843688964,
L,5,annealing,200,100,10,2.468202139950592,1.4348424740236714,3.889261488696993,0.9951696395874025,0.9768631458282472,0.9994397163391112,
L,5,annealing,400,100,10,1.406882367735188,0.7754143350577857,2.4941282394974738,0.9996356964111328,0.9976191520690918,0.9999637603759766,
L,5,annealing,800,100,10,0.7973022603875985,0.14618755042083,1.4315787515144482,0.999964714050293,0.999720335006714,0.9999980926513672,
L,5,annealing,1600,100,10,0.4114577623327812,0.0,0.9194056738352152,0.999995231628418,0.9999508857727052,1.0,
L,5,annealing,3200,100,10,0.0636960683167508,0.0,0.5435345654844592,0.9999990463256836,0.9999885559082032,1.0,
L,5,annealing,6400,100,10,0.0,0.0,0.309902189212396,1.0,0.999997854232788,1.0,
L,5,annealing,12800,100,10,0.0,0.0,0.0953550505809662,1.0,0.9999990463256836,1.0,
L,5,annealing,25600,100,10,0.0,0.0,0.0,1.0,1.0,1.0,
L,5,annealing,51200,100,10,0.0,0.0,0.0,1.0,1.0,1.0,
L,5,annealing,102400,100,10,0.0,0.0,0.0,1.0,1.0,1.0,
L,5,quadruplet,50,100,10,2.335763216043687,1.7266110367332157,3.527129677109114,0.9958276748657228,0.989332675933838,0.9987366199493408,2.4519871707893044
L,5,quadruplet,100,100,10,1.950874551447885,1.304364645488485,2.8315910813145067,0.9985008239746094,0.9952316284179688,0.9996685981750488,2.08314488625634
L,5,quadruplet,200,100,10,1.4502312887880748,0.951504931191237,2.0611218811931358,0.9995975494384766,0.9984159469604492,0.99993634223938,1.6094234270133632
L,5,quadruplet,400,100,10,1.0550684897899214,0.4756329766789749,1.623640223827041,0.9998693466186525,0.9993247985839844,0.9999942779541016,1.1577888460722114
L,5,quadruplet,800,100,10,0.7612542631737631,0.0972849872494199,1.242490758531083,0.9999704360961914,0.9997332096099854,0.9999990463256836,0.810811147251741
L,5,quadruplet,1600,100,10,0.4733060523743257,0.0,1.0087364014767837,0.9999885559082032,0.999871015548706,1.0,0.5128319708325156
L,5,quadruplet,3200,100,10,0.2004871029496335,0.0,0.8364975863032347,0.999995231628418,0.9999396800994872,1.0,0.2110001077122862
L,5,quadruplet,6400,100,10,0.1308608082461654,0.0,0.6721956510926708,0.9999980926513672,0.999969482421875,1.0,0.1351171665501234
L,5,quadruplet,12800,100,10,0.0961580808597482,0.0,0.5151859175558843,0.9999990463256836,0.9999818801879884,1.0,0.1290761484501864
L,5,quadruplet,25600,100,10,0.0663839462876289,0.0,0.4422075099610849,0.9999990463256836,0.9999885559082032,1.0,0.0961141960829901
L,5,quadruplet,51200,100,10,0.0,0.0,0.321191317064145,1.0,0.9999942779541016,1.0,0.091987875299944
L,5,quadruplet,102400,100,10,0.0,0.0,0.2110001077122862,1.0,0.9999971389770508,1.0,0.0699045114434549
L,5,quintuplet,50,100,10,2.393895962447319,1.7608228923854323,3.720620457390711,0.9951229095458984,0.9877386093139648,0.998438596725464,2.4200176065168524
L,5,quintuplet,100,100,10,1.9297086807693888,1.3291038539712048,2.9642949833750416,0.9986262321472168,0.9957900047302246,0.9996368885040284,1.9797219674217088
L,5,quintuplet,200,100,10,1.3792351220365822,0.8838692271005999,2.027230233651413,0.9996881484985352,0.998744249343872,0.9999513626098632,1.4402909357292706
L,5,quintuplet,400,100,10,0.9451776637403868,0.4756329766789749,1.435356419365886,0.999929904937744,0.9995803833007812,0.999995231628418,0.9880076333942156
L,5,quintuplet,800,100,10,0.5602427639460317,0.0636609401022777,0.976922580922297,0.9999837875366212,0.9998750686645508,0.9999990463256836,0.5852285006799952
L,5,quintuplet,1600,100,10,0.3104939183092269,0.0,0.7418813443202408,0.9999961853027344,0.999964714050293,1.0,0.3134776894128949
L,5,quintuplet,3200,100,10,0.0975992559531779,0.0,0.5430096483457727,0.9999990463256836,0.9999818801879884,1.0,0.1054221016032452
L,5,quintuplet,6400,100,10,0.0,0.0,0.3865742639029865,1.0,0.9999921321868896,1.0,0.0
L,5,quintuplet,12800,100,10,0.0,0.0,0.2880722252242256,1.0,0.9999942779541016,1.0,0.0
L,5,quintuplet,25600,100,10,0.0,0.0,0.2042224195190233,1.0,0.999995231628418,1.0,0.0
L,5,quintuplet,51200,100,10,0.0,0.0,0.1394450064840258,1.0,0.9999971389770508,1.0,0.0
L,5,quintuplet,102400,100,10,0.0,0.0,0.1101532446685864,1.0,0.9999990463256836,1.0,0.0
L,5,random,50,10,10,2.416897572426602,1.7371717874295936,4.044188425236063,0.9908571243286132,0.975733995437622,0.995758056640625,2.416897572426602
L,5,random,100,10,10,1.9773221122955065,1.5134306292916588,3.536917767943675,0.9944257736206056,0.9887523651123048,0.9971144199371338,1.9773221122955065
L,5,random,200,10,10,1.7348506494361606,1.4183422657184663,2.970274419273069,0.9970121383666992,0.9949023723602296,0.9991302490234376,1.8416077357070428
L,5,random,400,10,10,1.6550140497252148,1.19091003104967,2.472468568610273,0.99833345413208,0.996544361114502,0.9993364810943604,2.108989191182017
L,5,random,800,10,10,1.439947602109545,0.9059228563522784,2.348511652130111,0.9992470741271972,0.9984643459320068,0.9996206760406494,3.3202432132950666
L,5,random,1600,10,10,1.2424740131931955,0.8127462493828201,2.1691893085716534,0.9995059967041016,0.9991455078125,0.9998035430908204,3.56226724133504
L,5,random,3200,10,10,0.9704494431977578,0.6610583647848717,1.916220817633104,0.9997854232788086,0.9996137619018556,0.9999172687530518,3.606480693324251
L,5,random,6400,10,10,0.8212533888709226,0.4328864802195009,1.287238653171917,0.9999017715454102,0.999770164489746,0.9999675750732422,3.5370232173901077
L,5,random,12800,10,10,0.6263948551732499,0.2112324261179946,1.0802948302905102,0.9999604225158693,0.9999103546142578,0.9999799728393556,3.6856881400991055
L,5,random,25600,10,10,0.4660351342023484,0.1453265127210354,0.8864316620213192,0.9999799728393556,0.9999637603759766,0.999990940093994,3.671637218001584
L,5,random,51200,10,10,0.2921991012072493,0.0796065306037944,0.640748675364075,0.9999899864196776,0.9999780654907228,0.9999961853027344,3.629355755661931
L,5,random,102400,10,10,0.1329889873981444,0.0,0.4285799760612438,0.9999961853027344,0.999990463256836,1.0,3.898853486153647
W,1,annealing,50,100,10,4.1478067789217015,3.0899491173457125,5.087989824030529,0.9629154205322266,0.912109375,0.9913971424102784,
W,1,annealing,100,100,10,3.7367949319753095,2.491196621316874,4.87768608679754,0.9846649169921876,0.9407958984375,0.99786376953125,
W,1,annealing,200,100,10,3.2288294111823,2.1525529407882,4.352130565875495,0.9960594177246094,0.9749631881713868,0.9993934631347656,
W,1,annealing,400,100,10,2.1760652829377465,1.179535649239178,3.3856589561212718,0.99945068359375,0.9954357147216796,0.9999713897705078,
W,1,annealing,800,100,10,1.3415097860810192,0.0,2.2281939962329327,0.9999618530273438,0.9994773864746094,1.0,
W,1,annealing,1600,100,10,0.9218029704835162,0.0,1.6245538642137904,0.9999990463256836,0.9999542236328124,1.0,
W,1,annealing,3200,100,10,0.0,0.0,1.2455983106584367,1.0,0.9999980926513672,1.0,
W,1,annealing,6400,100,10,0.0,0.0,0.8821923576881215,1.0,0.9999990463256836,1.0,
W,1,annealing,12800,100,10,0.0,0.0,0.0,1.0,1.0,1.0,
W,1,annealing,25600,100,10,0.0,0.0,0.0,1.0,1.0,1.0,
W,1,annealing,51200,100,10,0.0,0.0,0.0,1.0,1.0,1.0,
W,1,annealing,102400,100,10,0.0,0.0,0.0,1.0,1.0,1.0,
W,1,quadruplet,50,100,10,2.333839863966313,1.6681153124565984,3.2491077284275813,0.9989356994628906,0.99664306640625,0.999821662902832,2.491196621316873
W,1,quadruplet,100,100,10,2.065591117977289,1.2609766499825612,2.683085072371466,0.9997329711914062,0.9985008239746094,0.9999618530273438,2.1525529407882
W,1,quadruplet,200,100,10,1.5449745586728567,1.0762764703941,2.228193996232932,0.9999537467956544,0.99969482421875,0.9999980926513672,1.6591227115686804
W,1,quadruplet,400,100,10,1.179535649239178,0.0,1.7228220865861297,0.9999914169311525,0.9999303817749025,1.0,1.2455983106584372
W,1,quadruplet,800,100,10,0.9755372173595076,0.0,1.377060745318193,0.9999990463256836,0.9999618530273438,1.0,1.1669199319831565
W,1,quadruplet,1600,100,10,0.0,0.0,1.179535649239178,1.0,0.9999942779541016,1.0,0.5393598899705938
W,1,quadruplet,3200,100,10,0.0,0.0,1.032795558988645,1.0,0.9999990463256836,1.0,0.0
W,1,quadruplet,6400,100,10,0.0,0.0,0.8386278693775345,1.0,0.9999990463256836,1.0,0.0
W,1,quadruplet,12800,100,10,0.0,0.0,0.0,1.0,1.0,1.0,0.0
W,1,quadruplet,25600,100,10,0.0,0.0,0.0,1.0,1.0,1.0,0.0
W,1,quadruplet,51200,100,10,0.0,0.0,0.0,1.0,1.0,1.0,0.0
W,1,quadruplet,102400,100,10,0.0,0.0,0.0,1.0,1.0,1.0,0.0
W,1,quintuplet,50,100,10,2.309401076758504,1.677255738755069,3.318245423137361,0.9989356994628906,0.99664306640625,0.9997854232788086,2.359071298478355
W,1,quintuplet,100,100,10,2.065591117977289,1.245598310658437,2.587046667054219,0.9997406005859376,0.9989356994628906,0.9999713897705078,2.073163354853558
W,1,quintuplet,200,100,10,1.523809523809524,1.0327955589886444,2.228193996232932,0.9999618530273438,0.9997329711914062,0.9999990463256836,1.5449745586728567
W,1,quintuplet,400,100,10,1.0762764703941,0.0,1.5449745586728565,0.9999980926513672,0.9999594688415528,1.0,1.1036363826574722
W,1,quintuplet,800,100,10,0.7698003589195013,0.0,1.2455983106584367,0.9999990463256836,0.9999914169311525,1.0,0.8295613557843402
W,1,quintuplet,1600,100,10,0.0,0.0,1.032795558988644,1.0,0.9999990463256836,1.0,0.0
W,1,quintuplet,3200,100,10,0.0,0.0,0.0,1.0,1.0,1.0,0.0
W,1,quintuplet,6400,100,10,0.0,0.0,0.0,1.0,1.0,1.0,0.0
W,1,quintuplet,12800,100,10,0.0,0.0,0.0,1.0,1.0,1.0,0.0
W,1,quintuplet,25600,100,10,0.0,0.0,0.0,1.0,1.0,1.0,0.0
W,1,quintuplet,51200,100,10,0.0,0.0,0.0,1.0,1.0,1.0,0.0
W,1,quintuplet,102400,100,10,0.0,0.0,0.0,1.0,1.0,1.0,0.0
W,1,random,50,10,10,3.745316710276178,2.683019572162038,4.982393242633747,0.9940948486328124,0.9847488403320312,0.9986286163330078,3.745316710276178
W,1,random,100,10,10,2.9871153498487857,2.1760652829377465,4.980344139835737,0.9981155395507812,0.9931516647338868,0.99945068359375,3.047619047619048
W,1,random,200,10,10,2.683281572999748,1.951074434719016,4.463086569414301,0.9990005493164062,0.9980335235595704,0.999725103378296,2.808987532707134
W,1,random,400,10,10,2.683281572999748,1.7888543819998317,3.7773877821196384,0.99945068359375,0.9982223510742188,0.999741554260254,2.9871153498487857
W,1,random,800,10,10,1.9118663949285528,1.341509786081019,3.424370802911697,0.9997329711914062,0.9991025924682616,0.9998779296875,4.024529358243057
W,1,random,1600,10,10,1.7888543819998317,0.975537217359508,3.047619047619048,0.9998397827148438,0.9997224807739258,0.9999923706054688,4.571428571428572
W,1,random,3200,10,10,1.523809523809524,0.8944271909999159,2.56011192985373,0.9999675750732422,0.9997711181640624,0.9999942779541016,4.724557329113056
W,1,random,6400,10,10,1.341509786081019,0.0,2.282913868607797,0.9999923706054688,0.9998836517333984,1.0,4.626537229636897
W,1,random,12800,10,10,0.955933197464276,0.0,1.8856571072343105,0.9999923706054688,0.9999675750732422,1.0,4.681645887845223
W,1,random,25600,10,10,0.91537818428448,0.0,1.523809523809524,0.9999942779541016,0.9999885559082032,1.0,4.87768608679754
W,1,random,51200,10,10,0.27668578554643,0.0,1.2695761795140823,0.9999995231628418,0.9999923706054688,1.0,4.929015113316638
W,1,random,102400,10,10,0.0,0.0,0.9363291775690442,1.0,0.9999942779541016,1.0,5.366039144324077
W,2,annealing,50,100,10,4.032393299125636,2.8647230895284608,5.555434566602807,0.9280462265014648,0.8152408599853516,0.9809484481811525,
W,2,annealing,100,100,10,3.6230671334547377,2.4307372937053846,5.047816201167604,0.9665608406066896,0.9055252075195312,0.9923114776611328,
W,2,annealing,200,100,10,2.541571252063166,1.5659806662342055,4.059153308151071,0.9941139221191406,0.9696927070617676,0.999319076538086,
W,2,annealing,400,100,10,1.3940458884206102,0.6442028734954208,2.4021754138793163,0.9997377395629884,0.9977626800537108,0.999990463256836,
W,2,annealing,800,100,10,0.6919585951447695,0.0,1.3798258184903365,0.999990463256836,0.999793529510498,1.0,
W,2,annealing,1600,100,10,0.0,0.0,0.7866837240336598,1.0,0.9999847412109376,1.0,
W,2,annealing,3200,100,10,0.0,0.0,0.5182961797502887,1.0,0.999995231628418,1.0,
W,2,annealing,6400,100,10,0.0,0.0,0.0047770572071306,1.0,0.9999990463256836,1.0,
W,2,annealing,12800,100,10,0.0,0.0,0.0,1.0,1.0,1.0,
W,2,annealing,25600,100,10,0.0,0.0,0.0,1.0,1.0,1.0,
W,2,annealing,51200,100,10,0.0,0.0,0.0,1.0,1.0,1.0,
W,2,annealing,102400,100,10,0.0,0.0,0.0,1.0,1.0,1.0,
W,2,quadruplet,50,100,10,2.2776295850374724,1.6492335253049644,3.464619880966752,0.9970030784606934,0.9916725158691406,0.9991674423217772,2.38023728505369
W,2,quadruplet,100,100,10,1.9587700471559613,1.2255938009861704,2.713120595186025,0.9990262985229492,0.996913194656372,0.9998574256896972,2.085353462267085
W,2,quadruplet,200,100,10,1.404366766335623,0.8798240782742733,2.0724436747212533,0.9998111724853516,0.998856782913208,0.9999790191650392,1.5319492498644949
W,2,quadruplet,400,100,10,0.9802629520158276,0.3511831174821008,1.501287999268134,0.999953269958496,0.999699592590332,0.9999990463256836,1.0489704389480394
W,2,quadruplet,800,100,10,0.7081211823268465,0.0,1.1284960496052188,0.9999923706054688,0.9998812675476074,1.0,0.7558463966030841
W,2,quadruplet,1600,100,10,0.2717375499406471,0.0,0.931326967381602,0.9999980926513672,0.9999387264251708,1.0,0.3598404400433339
W,2,quadruplet,3200,100,10,0.0,0.0,0.7780448938667006,1.0,0.999974012374878,1.0,0.078968168950564
W,2,quadruplet,6400,100,10,0.0,0.0,0.6208846449210673,1.0,0.999990463256836,1.0,0.0
W,2,quadruplet,12800,100,10,0.0,0.0,0.3647409959137773,1.0,0.9999940395355223,1.0,0.0
W,2,quadruplet,25600,100,10,0.0,0.0,0.1985237069640476,1.0,0.9999980926513672,1.0,0.0
W,2,quadruplet,51200,100,10,0.0,0.0,0.1341327635698054,1.0,0.9999990463256836,1.0,0.0
W,2,quadruplet,102400,100,10,0.0,0.0,0.0006393224739731,1.0,0.9999997615814208,1.0,0.0
W,2,quintuplet,50,100,10,2.336619712676643,1.7300291237744283,3.665054267083875,0.9964313507080078,0.9900140762329102,0.9990272521972656,2.3670930001198447
W,2,quintuplet,100,100,10,1.9562835223919688,1.254258904361511,2.831829091742346,0.9989805221557616,0.9966742992401124,0.9998226165771484,2.0133829607652767
W,2,quintuplet,200,100,10,1.392266390948861,0.8801081548864327,2.1387307515557583,0.9998106956481934,0.9991321563720704,0.9999687671661376,1.4564079552860838
W,2,quintuplet,400,100,10,0.9561779202287352,0.4705262660315831,1.4506412543671936,0.9999618530273438,0.9998080730438232,0.9999980926513672,0.9919565388370248
W,2,quintuplet,800,100,10,0.5996915430180467,0.0,0.997124337365864,0.9999942779541016,0.9999351501464844,1.0,0.609599928871656
W,2,quintuplet,1600,100,10,0.101531544497279,0.0,0.7328819887209869,0.9999990463256836,0.9999847412109376,1.0,0.1259298297880305
W,2,quintuplet,3200,100,10,0.0,0.0,0.4616641407983933,1.0,0.9999933242797852,1.0,0.0
W,2,quintuplet,6400,100,10,0.0,0.0,0.1559981623719756,1.0,0.9999980926513672,1.0,0.0
W,2,quintuplet,12800,100,10,0.0,0.0,0.0047770572071306,1.0,0.9999990463256836,1.0,0.0
W,2,quintuplet,25600,100,10,0.0,0.0,0.0,1.0,1.0,1.0,0.0
W,2,quintuplet,51200,100,10,0.0,0.0,0.0,1.0,1.0,1.0,0.0
W,2,quintuplet,102400,100,10,0.0,0.0,0.0,1.0,1.0,1.0,0.0
W,2,random,50,10,10,2.8305131121272304,2.303755668900923,3.770138291816664,0.9924802780151368,0.981928825378418,0.9964313507080078,2.8305131121272304
W,2,random,100,10,10,2.602373588111633,2.110613149550001,3.6103878030500023,0.9955120086669922,0.9895586967468262,0.9975192546844482,2.602373588111633
W,2,random,200,10,10,2.336619712676643,2.023551554505455,3.292362562347879,0.9967260360717772,0.9935629367828368,0.9990780353546144,2.3655422887024207
W,2,random,400,10,10,2.029422116583633,1.6269776580089732,2.873991448253156,0.9988718032836914,0.9972238540649414,0.9995641708374025,2.6168761183839013
W,2,random,800,10,10,1.7668502777466173,1.1972324323640997,2.763940675407325,0.9994010925292968,0.9988718032836914,0.9997949600219728,3.203435008049484
W,2,random,1600,10,10,1.4525634880068237,1.1683098563383214,2.326593534822913,0.9997377395629884,0.9995450973510742,0.9999370574951172,3.89234697163346
W,2,random,3200,10,10,1.3651144250191227,1.130764853745222,2.1949083748985863,0.9998564720153807,0.9996700286865234,0.9999544620513916,4.1764276899399295
W,2,random,6400,10,10,1.1726698575957908,0.8554092251177813,1.8917080436151956,0.9999456405639648,0.9997985363006592,0.9999847412109376,4.189451843418162
W,2,random,12800,10,10,0.993778014352385,0.7337827438926411,1.481246062844098,0.9999637603759766,0.9999456405639648,0.9999933242797852,4.2508481593377
W,2,random,25600,10,10,0.8554092251177813,0.4566715213874933,1.3845154481524329,0.9999895095825196,0.9999561309814452,0.9999961853027344,4.273420208841665
W,2,random,51200,10,10,0.5866667159713483,0.1788918432434058,1.0586005826417308,0.999995231628418,0.9999885559082032,0.9999990463256836,4.41089805393756
W,2,random,102400,10,10,0.5342886701582233,0.0,0.9553955889418336,0.9999961853027344,0.9999940395355223,1.0,4.196850180481216
W,3,annealing,50,100,10,3.873673327987493,2.745782336364446,5.365662589059417,0.9244537353515624,0.8196196556091309,0.9767072200775146,
W,3,annealing,100,100,10,3.353888035709628,2.2349923719525635,4.9391787285598445,0.9682402610778807,0.8909661769866943,0.9927701950073242,
W,3,annealing,200,100,10,2.2713109642292983,1.3909047857714565,3.7188560989804778,0.9959421157836914,0.9777042865753174,0.9994392395019532,
W,3,annealing,400,100,10,1.0517123206150596,0.3555316832293531,1.987228961261558,0.9998693466186525,0.9984827041625975,0.9999961853027344,
W,3,annealing,800,100,10,0.4667587232666637,0.0,1.1316355738580577,0.999990463256836,0.9998197555541992,1.0,
W,3,annealing,1600,100,10,0.0820196230713939,0.0,0.7278942823842859,0.9999990463256836,0.9999685287475586,1.0,
W,3,annealing,3200,100,10,0.0,0.0,0.3425309905360709,1.0,0.9999942779541016,1.0,
W,3,annealing,6400,100,10,0.0,0.0,0.1031616945734213,1.0,0.9999990463256836,1.0,
W,3,annealing,12800,100,10,0.0,0.0,0.0,1.0,1.0,1.0,
W,3,annealing,25600,100,10,0.0,0.0,0.0,1.0,1.0,1.0,
W,3,annealing,51200,100,10,0.0,0.0,0.0,1.0,1.0,1.0,
W,3,annealing,102400,100,10,0.0,0.0,0.0,1.0,1.0,1.0,
W,3,quadruplet,50,100,10,2.278023717080404,1.5873024954601915,3.4877636308038165,0.996201515197754,0.9896819591522216,0.9989302158355712,2.3684399648540007
W,3,quadruplet,100,100,10,1.944548573061088,1.3009271920727836,2.726197652577049,0.998577117919922,0.9956815242767334,0.9997196197509766,2.073622840998847
W,3,quadruplet,200,100,10,1.4164936314820653,0.9338701757391736,2.072753867027723,0.9995684623718262,0.9984705448150636,0.9999494552612304,1.626444620634517
W,3,quadruplet,400,100,10,1.0508021966364072,0.56463063307829,1.5252906262609305,0.999897003173828,0.9994020462036132,0.9999942779541016,1.1593034496911394
W,3,quadruplet,800,100,10,0.7239618441827789,0.0888455094124806,1.1316355738580577,0.9999732971191406,0.999769926071167,0.9999990463256836,0.8110741203692116
W,3,quadruplet,1600,100,10,0.4229446957964159,0.0,0.9271014582996852,0.9999942779541016,0.999892234802246,1.0,0.5246982288407825
W,3,quadruplet,3200,100,10,0.1682826631558548,0.0,0.730642922477964,0.9999980926513672,0.999932050704956,1.0,0.2504431187461096
W,3,quadruplet,6400,100,10,0.0,0.0,0.5890439300642478,1.0,0.9999704360961914,1.0,0.0657243306734456
W,3,quadruplet,12800,100,10,0.0,0.0,0.4339573293227515,1.0,0.9999885559082032,1.0,0.0
W,3,quadruplet,25600,100,10,0.0,0.0,0.2801076721683389,1.0,0.9999933242797852,1.0,0.0
W,3,quadruplet,51200,100,10,0.0,0.0,0.1884313529928757,1.0,0.9999971389770508,1.0,0.0
W,3,quadruplet,102400,100,10,0.0,0.0,0.1174165227828138,1.0,0.9999990463256836,1.0,0.0
W,3,quintuplet,50,100,10,2.315059553793024,1.607082682925321,3.626894037957437,0.995624542236328,0.9883277416229248,0.9985635280609132,2.347071214303172
W,3,quintuplet,100,100,10,1.9665098719645844,1.3129316850637405,2.8488163615464765,0.998577117919922,0.9959893226623536,0.9996895790100098,2.003913042285297
W,3,quintuplet,200,100,10,1.416051328896389,0.9785470707079518,2.1553406728515294,0.9996457099914552,0.9986507892608644,0.999934196472168,1.517856988534666
W,3,quintuplet,400,100,10,1.0194456272470171,0.5858766223495823,1.45611017781992,0.9999237060546876,0.999603271484375,0.9999933242797852,1.0528500726313494
W,3,quintuplet,800,100,10,0.6258375458272675,0.0273725805189277,1.0194456272470171,0.9999885559082032,0.999892234802246,0.9999990463256836,0.6518775477314107
W,3,quintuplet,1600,100,10,0.276348298455859,0.0,0.7299382508468639,0.9999980926513672,0.999952793121338,1.0,0.3024804850719551
W,3,quintuplet,3200,100,10,0.0,0.0,0.5021000069879105,1.0,0.9999847412109376,1.0,0.0
W,3,quintuplet,6400,100,10,0.0,0.0,0.3259387738657053,1.0,0.9999942779541016,1.0,0.0
W,3,quintuplet,12800,100,10,0.0,0.0,0.1651203501532129,1.0,0.9999971389770508,1.0,0.0
W,3,quintuplet,25600,100,10,0.0,0.0,0.1031616945734213,1.0,0.9999990463256836,1.0,0.0
W,3,quintuplet,51200,100,10,0.0,0.0,0.0041435405396988,1.0,0.9999990463256836,1.0,0.0
W,3,quintuplet,102400,100,10,0.0,0.0,0.0,1.0,1.0,1.0,0.0
W,3,random,50,10,10,2.696528623124653,1.9038351916857088,4.660976342307841,0.9860868453979492,0.977607488632202,0.99505352973938,2.696528623124653
W,3,random,100,10,10,2.5210277596605715,1.621685411838599,4.485621814570991,0.9947147369384766,0.9855458736419678,0.9970479011535645,2.5210277596605715
W,3,random,200,10,10,2.0198235455200706,1.0605378886177623,4.217672859859883,0.9978013038635254,0.9953775405883788,0.9986810684204102,2.399168258773071
W,3,random,400,10,10,1.815383287470434,1.0587383537588233,4.018770019229475,0.9982643127441406,0.9969136714935304,0.9993369579315186,2.724426970182548
W,3,random,800,10,10,1.5729840849991574,1.026634778310152,3.343141503225283,0.9994444847106934,0.9983391761779784,0.9997162818908693,3.1181879057590463
W,3,random,1600,10,10,1.2980781017497542,0.7792801156867629,2.8660869467538106,0.9995927810668944,0.9993798732757568,0.9998974800109864,3.721480348698107
W,3,random,3200,10,10,1.190545432467492,0.6217245279557458,2.6117131944958207,0.9998722076416016,0.9996342658996582,0.99993896484375,4.053745205487878
W,3,random,6400,10,10,1.0528500726313494,0.5834940639028325,2.1016594288628463,0.9999151229858398,0.9998626708984376,0.9999735355377196,3.7815416394908574
W,3,random,12800,10,10,0.9995338887058252,0.4742371219408929,1.9906649075252816,0.9999732971191406,0.9999275207519532,0.9999885559082032,3.988451368920045
W,3,random,25600,10,10,0.7163083105266002,0.4111730547145599,1.5726560711135875,0.9999866485595704,0.9999704360961914,0.9999942779541016,4.003410054756516
W,3,random,51200,10,10,0.6247999216134488,0.144412028724976,1.434045316165428,0.9999914169311525,0.9999837875366212,0.9999990463256836,3.918572991288402
W,3,random,102400,10,10,0.4742371219408929,0.0,1.2294635125302211,0.999995231628418,0.9999885559082032,1.0,4.007950130672314
W,4,annealing,50,100,10,3.4735882137694123,2.510703504264547,4.597366679401105,0.9281177520751952,0.7938365936279297,0.9760029315948486,
W,4,annealing,100,100,10,2.9145629862076787,2.023689120515996,4.04102931019468,0.9729695320129396,0.9079599380493164,0.9936637878417968,
W,4,annealing,200,100,10,1.9582333612493092,1.1550841740624191,2.957274841570106,0.9967360496520996,0.9830996990203856,0.9995942115783693,
W,4,annealing,400,100,10,1.0150147302161243,0.4234853391164477,1.7615179266700896,0.999819278717041,0.9984397888183594,0.9999830722808838,
W,4,annealing,800,100,10,0.4597517520568059,0.0,1.006326776977733,0.9999799728393556,0.9998531341552734,1.0,
W,4,annealing,1600,100,10,0.1142679378666467,0.0,0.57992437105456,0.9999980926513672,0.9999775886535645,1.0,
W,4,annealing,3200,100,10,0.0,0.0,0.3528175412748794,1.0,0.9999942779541016,1.0,
W,4,annealing,6400,100,10,0.0,0.0,0.0279779202581277,1.0,0.9999990463256836,1.0,
W,4,annealing,12800,100,10,0.0,0.0,0.0,1.0,1.0,1.0,
W,4,annealing,25600,100,10,0.0,0.0,0.0,1.0,1.0,1.0,
W,4,annealing,51200,100,10,0.0,0.0,0.0,1.0,1.0,1.0,
W,4,annealing,102400,100,10,0.0,0.0,0.0,1.0,1.0,1.0,
W,4,quadruplet,50,100,10,2.078515681840887,1.5342268228158993,2.8881950131447764,0.994924545288086,0.9877290725708008,0.998396635055542,2.201669354085874
W,4,quadruplet,100,100,10,1.6921213443442162,1.23358957091819,2.319378124850154,0.998105525970459,0.9949512481689452,0.9994840621948242,1.8967835242408493
W,4,quadruplet,200,100,10,1.385163959432571,0.947451919285348,1.890453509127103,0.9991521835327148,0.997544765472412,0.9998703002929688,1.5371046454334871
W,4,quadruplet,400,100,10,1.0234425141585408,0.6485830756060349,1.4663967930450528,0.9997615814208984,0.9990923404693604,0.9999761581420898,1.1450773356176662
W,4,quadruplet,800,100,10,0.8010574004113826,0.3496923505731247,1.1302960324707496,0.9999256134033204,0.9995765686035156,0.9999961853027344,0.9124314845654292
W,4,quadruplet,1600,100,10,0.5085968363695066,0.0016891786056131,0.9247024294950716,0.9999780654907228,0.99981951713562,0.9999990463256836,0.5580518191635605
W,4,quadruplet,3200,100,10,0.3590423453589054,0.0,0.7296348856172006,0.9999880790710448,0.9999170303344728,1.0,0.4540075562154056
W,4,quadruplet,6400,100,10,0.1879930832048058,0.0,0.55937469979491,0.9999961853027344,0.9999618530273438,1.0,0.2661383044868518
W,4,quadruplet,12800,100,10,0.0961904174366856,0.0,0.4540075562154056,0.9999990463256836,0.9999790191650392,1.0,0.156945406709779
W,4,quadruplet,25600,100,10,0.02495786906212,0.0,0.3590423453589054,0.9999990463256836,0.999985694885254,1.0,0.1154599190379898
W,4,quadruplet,51200,100,10,0.0008445893028065,0.0,0.3015120860034517,0.9999995231628418,0.9999933242797852,1.0,0.1239693850691936
W,4,quadruplet,102400,100,10,0.0,0.0,0.1879930832048058,1.0,0.9999961853027344,1.0,0.1258650685684474
W,4,quintuplet,50,100,10,2.080296042027012,1.5455017930087256,3.0215779716320244,0.994703769683838,0.9874165058135986,0.99824857711792,2.1214627584444123
W,4,quintuplet,100,100,10,1.7252659164202313,1.247983619967005,2.3423661866772028,0.9980592727661132,0.9950332641601562,0.9995250701904296,1.8220146342727697
W,4,quintuplet,200,100,10,1.363417228823781,0.9269329159710358,1.831137896552148,0.9993915557861328,0.9980497360229492,0.9998657703399658,1.4485525328968076
W,4,quintuplet,400,100,10,0.9845074059938276,0.6251911125645034,1.41152101899044,0.9998302459716796,0.999354600906372,0.9999752044677734,1.0367138709887789
W,4,quintuplet,800,100,10,0.6944986106400867,0.2465942222905678,1.0362210554100324,0.9999556541442872,0.9997878074645996,0.9999971389770508,0.733106381777663
W,4,quintuplet,1600,100,10,0.3889198537484373,0.0,0.7486067184977189,0.999990463256836,0.999929428100586,1.0,0.431917554546441
W,4,quintuplet,3200,100,10,0.1275364238170414,0.0,0.4908243632607101,0.9999980926513672,0.9999752044677734,1.0,0.1435305800392304
W,4,quintuplet,6400,100,10,0.0249251000693701,0.0,0.3578699194463043,0.9999990463256836,0.9999876022338868,1.0,0.0397964362559396
W,4,quintuplet,12800,100,10,0.0,0.0,0.2144120990220793,1.0,0.9999933242797852,1.0,0.0
W,4,quintuplet,25600,100,10,0.0,0.0,0.1664146424604261,1.0,0.9999961853027344,1.0,0.0
W,4,quintuplet,51200,100,10,0.0,0.0,0.1206215089432349,1.0,0.999997854232788,1.0,0.0
W,4,quintuplet,102400,100,10,0.0,0.0,0.0611670548332471,1.0,0.9999990463256836,1.0,0.0
W,4,random,50,10,10,2.770679685803617,2.186644236990185,3.556507481938844,0.9883866310119628,0.9743242263793944,0.9943282604217528,2.770679685803617
W,4,random,100,10,10,2.3646567188702035,2.0134100289875976,3.259264633327927,0.9926204681396484,0.987785816192627,0.9972138404846193,2.391734599758228
W,4,random,200,10,10,2.180154647211676,1.7740548120435404,2.9805012311063,0.996856689453125,0.9927785396575928,0.998459815979004,2.3117178605284594
W,4,random,400,10,10,2.141367569047162,1.5775084189807032,2.679304012157792,0.9983587265014648,0.9966442584991456,0.9991493225097656,2.679304012157792
W,4,random,800,10,10,1.9292969847494017,1.1714888961046093,2.3645343909061776,0.9991507530212402,0.998359203338623,0.999570608139038,3.284001912296465
W,4,random,1600,10,10,1.565451985510288,1.13363447388724,2.1654295407931983,0.9995293617248536,0.999140739440918,0.9997940063476562,3.637500552006678
W,4,random,3200,10,10,1.3043444381339633,0.9529286166086668,1.8000151770203836,0.9998316764831544,0.9995567798614502,0.9999387264251708,4.243130999645249
W,4,random,6400,10,10,1.0374042236577807,0.7287280947314451,1.4564456260697731,0.9999322891235352,0.9998400211334229,0.9999732971191406,3.949375123095865
W,4,random,12800,10,10,1.0077330951599217,0.6229381678338871,1.3332004321840176,0.9999680519104004,0.999915599822998,0.9999837875366212,3.964011092597088
W,4,random,25600,10,10,0.8643536902621001,0.4811964262914234,1.084827670138643,0.9999823570251464,0.9999599456787108,0.9999899864196776,4.076247708404235
W,4,random,51200,10,10,0.6318774035805624,0.3749708748924823,0.9869803803225152,0.9999876022338868,0.9999825954437256,0.9999964237213136,4.408636516821643
W,4,random,102400,10,10,0.4735699203748573,0.2130599702622855,0.7326771844839955,0.9999961853027344,0.9999876022338868,0.9999990463256836,4.060000342538707
W,5,annealing,50,100,10,3.388340102586559,2.4689653542603462,4.863408944410809,0.9112086296081544,0.799290657043457,0.9731497764587402,
W,5,annealing,100,100,10,2.798540129492972,1.897556250176406,4.345922257411555,0.9705038070678712,0.901512622833252,0.9930858612060548,
W,5,annealing,200,100,10,1.8954844814894505,1.0639685906578067,3.097468146555641,0.9963479042053224,0.9796388149261476,0.9995872974395752,
W,5,annealing,400,100,10,0.8148668580529407,0.3329366733198879,1.6562697286056614,0.9998793601989746,0.9990565776824952,0.9999933242797852,
W,5,annealing,800,100,10,0.2973133688410836,0.0,0.7102673557383675,0.9999933242797852,0.999924659729004,1.0,
W,5,annealing,1600,100,10,0.0,0.0,0.3925161050113873,1.0,0.9999885559082032,1.0,
W,5,annealing,3200,100,10,0.0,0.0,0.1795588541729253,1.0,0.9999969005584716,1.0,
W,5,annealing,6400,100,10,0.0,0.0,0.0356183219667171,1.0,0.9999990463256836,1.0,
W,5,annealing,12800,100,10,0.0,0.0,0.0,1.0,1.0,1.0,
W,5,annealing,25600,100,10,0.0,0.0,0.0,1.0,1.0,1.0,
W,5,annealing,51200,100,10,0.0,0.0,0.0,1.0,1.0,1.0,
W,5,annealing,102400,100,10,0.0,0.0,0.0,1.0,1.0,1.0,
W,5,quadruplet,50,100,10,2.0393987440222,1.4153648359198354,2.985737808498844,0.994938850402832,0.987779140472412,0.99853253364563,2.171475533612012
W,5,quadruplet,100,100,10,1.6667191791095606,1.127897412000573,2.374879624694054,0.9982128143310548,0.994727611541748,0.9995338916778564,1.817821997135618
W,5,quadruplet,200,100,10,1.2267708820708036,0.8139817945784691,1.806455753335528,0.9994468688964844,0.998039960861206,0.999913454055786,1.3668327064521126
W,5,quadruplet,400,100,10,0.9206420848401622,0.504128741519887,1.3386287463282636,0.9998092651367188,0.9991681575775146,0.9999885559082032,1.0033836531694376
W,5,quadruplet,800,100,10,0.6398103829627684,0.212983150334768,1.0357132312387745,0.9999432563781738,0.9996695518493652,0.9999980926513672,0.7112441454572105
W,5,quadruplet,1600,100,10,0.4378867731439115,0.0055232295561531,0.8272542954437381,0.9999852180480956,0.9998321533203124,0.9999990463256836,0.4987144852886055
W,5,quadruplet,3200,100,10,0.2879798654530637,0.0,0.6948843090933882,0.9999942779541016,0.9999194145202636,1.0,0.3756525970254024
W,5,quadruplet,6400,100,10,0.1911848516883025,0.0,0.5459516278417552,0.9999961853027344,0.9999628067016602,1.0,0.2460044636859734
W,5,quadruplet,12800,100,10,0.1131393134904835,0.0,0.4269936856581918,0.999997615814209,0.99997878074646,1.0,0.2219864808859015
W,5,quadruplet,25600,100,10,0.0807844994898124,0.0,0.3740943349684328,0.9999980926513672,0.9999892711639404,1.0,0.1645797904205732
W,5,quadruplet,51200,100,10,0.0440970086138686,0.0,0.2977248422302637,0.9999990463256836,0.9999942779541016,1.0,0.1131393134904835
W,5,quadruplet,102400,100,10,0.0115788205311511,0.0,0.2440698140807466,0.9999990463256836,0.999995231628418,1.0,0.1131393134904835
W,5,quintuplet,50,100,10,2.020751736294258,1.4785838267325284,3.0439465033562123,0.9943227767944336,0.9861619472503662,0.9983189105987548,2.0833446178745767
W,5,quintuplet,100,100,10,1.6612503799114209,1.126385693609368,2.498355428530799,0.9982681274414062,0.9949679374694824,0.9994394779205322,1.783891116030856
W,5,quintuplet,200,100,10,1.2627246060324673,0.8422419120942968,1.8393906505096127,0.9994468688964844,0.998154878616333,0.9998865127563475,1.3341299814442371
W,5,quintuplet,400,100,10,0.874884868966811,0.4970787340565306,1.2736519816098273,0.999863624572754,0.9994356632232666,0.9999828338623048,0.9147736153868692
W,5,quintuplet,800,100,10,0.5692964422929049,0.2488335804698758,0.926520806189196,0.9999656677246094,0.9998245239257812,0.9999980926513672,0.5986380280158796
W,5,quintuplet,1600,100,10,0.3511824668623948,0.0,0.6846042275097348,0.9999914169311525,0.999919891357422,1.0,0.375159160532719
W,5,quintuplet,3200,100,10,0.2002268367728368,0.0,0.5050489166385959,0.9999961853027344,0.9999656677246094,1.0,0.2155310324334399
W,5,quintuplet,6400,100,10,0.0922736913959368,0.0,0.3740943349684328,0.9999990463256836,0.9999818801879884,1.0,0.104418148665269
W,5,quintuplet,12800,100,10,0.0389031793510815,0.0,0.3240425465474119,0.9999990463256836,0.999990463256836,1.0,0.0450372432242524
W,5,quintuplet,25600,100,10,0.0234634066121309,0.0,0.2542137893644767,0.9999990463256836,0.9999942779541016,1.0,0.0272047157531684
W,5,quintuplet,51200,100,10,0.0,0.0,0.1970124410905787,1.0,0.9999961853027344,1.0,0.0234634066121309
W,5,quintuplet,102400,100,10,0.0,0.0,0.1304469624126336,1.0,0.9999980926513672,1.0,0.0115788205311511
W,5,random,50,10,10,2.335901492267168,1.7743436324083364,4.033565644295781,0.9814085960388184,0.9641740322113036,0.9933910369873048,2.3812774918524755
W,5,random,100,10,10,2.061967123327868,1.415244455446235,3.5449492587597726,0.99373197555542,0.9846241474151612,0.998511791229248,2.069414264317748
W,5,random,200,10,10,1.7946787853599302,1.2728794840934374,3.3335515535362426,0.9968714714050292,0.9934914112091064,0.9992303848266602,2.038721577409464
W,5,random,400,10,10,1.4821145696721292,0.9898201590799548,3.0865011542480136,0.998661994934082,0.9965486526489258,0.9995017051696776,2.2449708437157083
W,5,random,800,10,10,1.3187784421026774,0.8705248581689159,2.477805421688265,0.9993677139282228,0.9985451698303224,0.999718427658081,2.6562013509779128
W,5,random,1600,10,10,1.27873764304054,0.6868250439805484,2.30873255834916,0.9996404647827148,0.9991679191589355,0.9998188018798828,3.4003085225990084
W,5,random,3200,10,10,0.9980526185422104,0.618198159286385,2.086055744665856,0.999774932861328,0.9995832443237304,0.9999122619628906,3.415538250857331
W,5,random,6400,10,10,0.7696190708267381,0.4777845681396802,1.7522676733969085,0.9999122619628906,0.9997901916503906,0.9999713897705078,3.800585149081165
W,5,random,12800,10,10,0.5379008216969252,0.3275047981616005,1.498049563766498,0.9999585151672364,0.9999136924743652,0.999981164932251,3.5645103436567385
W,5,random,25600,10,10,0.4988684307935837,0.2714005569395009,1.220920988048828,0.9999752044677734,0.9999539852142334,0.9999895095825196,3.581990723723285
W,5,random,51200,10,10,0.3878258286184772,0.2014717157049702,0.7567274970507659,0.9999890327453612,0.9999730587005616,0.9999971389770508,3.323393488808968
W,5,random,102400,10,10,0.2494342153967918,0.0307732544168114,0.5924496390049949,0.9999957084655762,0.9999885559082032,0.9999990463256836,3.648743371525432
