family,n_rules,method,n,sampling,sketching,decoding,candidates,total
L,1,annealing,50,,,,,0.0001430455595254898
L,1,annealing,100,,,,,0.00013364502228796482
L,1,annealing,200,,,,,0.00023702002363279462
L,1,annealing,400,,,,,0.00046410399954766035
L,1,annealing,800,,,,,0.0008950980263762176
L,1,annealing,1600,,,,,0.0017627620254643261
L,1,annealing,3200,,,,,0.0034870849922299385
L,1,annealing,6400,,,,,0.006945174012798816
L,1,annealing,12800,,,,,0.013861706014722586
L,1,annealing,25600,,,,,0.027801734977401793
L,1,annealing,51200,,,,,0.05562991451006383
L,1,annealing,102400,,,,,0.1116349954972975
L,1,quadruplet,50,0.0023194704990601167,0.006470169493695721,0.011165835996507667,0.0003535335054039024,0.020391596495755948
L,1,quadruplet,100,0.0031936944942572154,0.006627696995565202,0.01112766050209757,0.00036170049861539155,0.02119515000958927
L,1,quadruplet,200,0.004971767499228008,0.006742009507433977,0.011125666002044454,0.0003660849979496561,0.023089935006282758
L,1,quadruplet,400,0.008991765003884211,0.0068232680059736595,0.0111693389917491,0.00036771649320144206,0.027221477510465775
L,1,quadruplet,800,0.016432366501248907,0.007597348499984946,0.011241237494687084,0.00036030850606039166,0.03534525948634837
L,1,quadruplet,1600,0.032003158499719575,0.00869223999325186,0.011418338501243852,0.00036711850407300517,0.0523084305023076
L,1,quadruplet,3200,0.06500193049578229,0.011535174504388124,0.011241634994803462,0.00036838250525761396,0.0884594970048056
L,1,quadruplet,6400,0.13400791699677939,0.018575385998701677,0.011157104505400639,0.00036910099879605696,0.1660253444861155
L,1,quadruplet,12800,0.29329645049438113,0.035902238996641245,0.011066858998674434,0.00036698050098493695,0.34569518351054285
L,1,quadruplet,25600,1.398034297999402,0.07685613900684984,0.011108147009508684,0.0003653424937510863,1.4889568709986634
L,1,quadruplet,51200,2.9222313670034055,0.16284450199600542,0.010985339002218097,0.0003680834997794591,3.10914367451187
L,1,quadruplet,102400,6.006043479501386,0.3567519479984185,0.01123505499708699,0.00036746799742104486,6.421196658011468
L,1,quintuplet,50,0.0023194704990601167,0.012347339499683585,0.017654609495366458,0.00036148900107946247,0.03228561799915042
L,1,quintuplet,100,0.0031936944942572154,0.012182480495539494,0.01768739849649137,0.00035124149871990085,0.033221944999240804
L,1,quintuplet,200,0.004971767499228008,0.012383957997371908,0.01766590050101513,0.00036067050677957013,0.03501081050490029
L,1,quintuplet,400,0.008991765003884211,0.01283217500167666,0.01792483450117288,0.0003637289992184378,0.039502151499618776
L,1,quintuplet,800,0.016432366501248907,0.013424341508653015,0.01810484849556815,0.00037081849586684257,0.04768485799286282
L,1,quintuplet,1600,0.032003158499719575,0.015105838007002603,0.018165557499742135,0.00036560851003741845,0.06535310499748448
L,1,quintuplet,3200,0.06500193049578229,0.01842320300056599,0.017970097498618998,0.00037196799530647695,0.10240923599485541
L,1,quintuplet,6400,0.13400791699677939,0.025700005993712693,0.017880783503642306,0.00036482600262388587,0.1797048214939423
L,1,quintuplet,12800,0.29329645049438113,0.04225468549702782,0.017715660003887024,0.0003662194940261543,0.36316911299945787
L,1,quintuplet,25600,1.398034297999402,0.07854510649485746,0.01754870999866398,0.00036085349711356685,1.492141560484015
L,1,quintuplet,51200,2.9222313670034055,0.1513671005013748,0.017561468506755773,0.00036224149516783655,3.1032770214878838
L,1,quintuplet,102400,6.006043479501386,0.32194839399744524,0.017690263499389403,0.0003648699930636212,6.385178737989918
L,1,random,50,0.0023339694962487556,0.002531269499741029,11.733865077498194,0.0004302984962123446,11.740718120505335
L,1,random,100,0.0031079175023478456,0.0038773570049670525,10.960090438995394,0.00040518549940316007,10.967530292007723
L,1,random,200,0.004859054992266465,0.006911994001711719,11.420645415499166,0.0004401380065246485,11.434878731997742
L,1,random,400,0.009212672004650813,0.012864551004895475,11.592952482998953,0.00042823300464078784,11.612612968492613
L,1,random,800,0.017153703498479445,0.021337462996598333,11.548460428995895,0.0003890170046361163,11.607109033509914
L,1,random,1600,0.03245713199430611,0.04054581899981713,11.669433120507165,0.0004482000003918074,11.747607081495516
L,1,random,3200,0.0694287955047912,0.07025678300124127,11.422151020000456,0.0004144375052419491,11.640051837508508
L,1,random,6400,0.13847310050186934,0.13505108850222314,11.61245780200261,0.0004248115074005909,11.970200007010135
L,1,random,12800,0.3114950720046181,0.252130364497134,11.26558071099862,0.0004272284932085313,12.056315183988772
L,1,random,25600,1.3556234540010337,0.5008769004998612,11.241611772500619,0.0004135209965170361,13.188565766991815
L,1,random,51200,2.8665730459979386,1.0724494469977799,10.987946393499442,0.0004043615044793114,14.990701984504994
L,1,random,102400,5.826144727499923,2.1342850895089214,10.844097342000168,0.00041403149225516245,19.171907743504562
L,2,annealing,50,,,,,0.00015524501213803887
L,2,annealing,100,,,,,0.00013638800010085106
L,2,annealing,200,,,,,0.00024184049107134342
L,2,annealing,400,,,,,0.00046743755228817463
L,2,annealing,800,,,,,0.0009017395204864442
L,2,annealing,1600,,,,,0.0017739704344421625
L,2,annealing,3200,,,,,0.0035026505356654525
L,2,annealing,6400,,,,,0.006979465484619141
L,2,annealing,12800,,,,,0.013924646016675979
L,2,annealing,25600,,,,,0.02788429905194789
L,2,annealing,51200,,,,,0.055927101406268775
L,2,annealing,102400,,,,,0.11243090697098523
L,2,quadruplet,50,0.002400943500106223,0.00667418800003361,0.011396155001420993,0.00037411500670714304,0.02068045600753976
L,2,quadruplet,100,0.00336451199837029,0.006876938008645084,0.011448896999354474,0.000370852998457849,0.021894144505495206
L,2,quadruplet,200,0.005402964998211246,0.006895842001540586,0.011291534501651768,0.0003741705004358664,0.023820524984330405
L,2,quadruplet,400,0.009903104008117225,0.007006723993981723,0.011373381996236276,0.0003760945037356578,0.028491935503552668
L,2,quadruplet,800,0.018199389000074007,0.007507961992814671,0.011525752001034562,0.0003842865044134669,0.03758137799013639
L,2,quadruplet,1600,0.03547562300809659,0.008328053503646515,0.011513102494063787,0.00038016449980204925,0.0557364294945728
L,2,quadruplet,3200,0.07507916149916127,0.010578356501355302,0.011570009999559261,0.0003818909972324036,0.09759152300102869
L,2,quadruplet,6400,0.15115951849293197,0.015449016005732119,0.01152870601072209,0.00038447249244200066,0.17879562249436276
L,2,quadruplet,12800,0.33716195650049485,0.02728122050029924,0.011522004002472386,0.00038176850648596883,0.37799758750770707
L,2,quadruplet,25600,1.6749910109938355,0.0573514934949344,0.011549182992894202,0.0003763529966818169,1.7472076175181428
L,2,quadruplet,51200,3.627463398501277,0.12063589350145776,0.011710619000950828,0.0003885949990944937,3.7555353490024572
L,2,quadruplet,102400,7.610920487502881,0.2522951120045036,0.011871140501170885,0.00038595600199187174,7.898039549501846
L,2,quintuplet,50,0.002400943500106223,0.012886909004009794,0.017964042999665253,0.00037377899570856243,0.03360699300537817
L,2,quintuplet,100,0.00336451199837029,0.012690495997958351,0.01795837900863262,0.00037404349859571084,0.034148403006838635
L,2,quintuplet,200,0.005402964998211246,0.012747976499667857,0.017918920500960667,0.0003681225061882287,0.0361465599926305
L,2,quintuplet,400,0.009903104008117225,0.012931208497320767,0.01815772199915955,0.0003771600022446364,0.041025309496035334
L,2,quintuplet,800,0.018199389000074007,0.013657561998115852,0.01838440849678591,0.000381396988814231,0.05027731499285437
L,2,quintuplet,1600,0.03547562300809659,0.014484082494163886,0.018315622000955045,0.0003758169987122528,0.06905625450599473
L,2,quintuplet,3200,0.07507916149916127,0.017025625493261032,0.018404463495244272,0.00038250850047916174,0.11099552999075968
L,2,quintuplet,6400,0.15115951849293197,0.022337708505801857,0.018361296999501064,0.00038098549703136086,0.19459632451616926
L,2,quintuplet,12800,0.33716195650049485,0.03441013750125421,0.01802323299489217,0.00038437599141616374,0.3911822340305662
L,2,quintuplet,25600,1.6749910109938355,0.05978461549966596,0.01805722100107232,0.00038436250906670466,1.7622362580077606
L,2,quintuplet,51200,3.627463398501277,0.11588170599861769,0.01799993350141449,0.00038451650470960885,3.7603790369976196
L,2,quintuplet,102400,7.610920487502881,0.22924708099890267,0.018147233000490814,0.00038149549800436944,7.884784324996872
L,2,random,50,0.002415313007077202,0.0020329215039964765,12.011989899503533,0.00042536800174275413,12.016253898000286
L,2,random,100,0.0034196880078525282,0.002959696495963726,11.842334778004442,0.00043653150351019576,11.84880626150698
L,2,random,200,0.005447781004477292,0.004857222993450705,11.990335176502413,0.0004445529993972741,11.999742744512332
L,2,random,400,0.010047092502645683,0.009119436006585602,12.347134254501725,0.0004691540016210638,12.368234543013386
L,2,random,800,0.018903294003393967,0.014897546003339812,12.252968607994262,0.00044483500096248463,12.330494260502746
L,2,random,1600,0.03749472900381079,0.028656590002356097,12.099076161990524,0.0004517915003816597,12.21716488598031
L,2,random,3200,0.08277406400156906,0.0499332504987251,12.154451652000716,0.00046238250070018694,12.317411676507618
L,2,random,6400,0.16604870799346827,0.09356483499141177,12.219272036498296,0.0004424179933266714,12.658800158002123
L,2,random,12800,0.34273662999476073,0.1686352885008091,11.961230444503599,0.00044835751032223925,12.511318741511786
L,2,random,25600,1.6709483645026921,0.29928545149596175,12.022566990002815,0.00043859950528712943,14.021751838503405
L,2,random,51200,3.7065428930000053,0.6399628700019093,11.419121014492703,0.00041797499579843134,16.035361668000405
L,2,random,102400,7.377852285499102,1.378107391494268,11.03134887250053,0.00040645951230544597,20.01410004999343
L,3,annealing,50,,,,,0.00017753400607034564
L,3,annealing,100,,,,,0.00014366093091666698
L,3,annealing,200,,,,,0.00025162147358059883
L,3,annealing,400,,,,,0.00047816347796469927
L,3,annealing,800,,,,,0.0009248499991372228
L,3,annealing,1600,,,,,0.0018069460056722164
L,3,annealing,3200,,,,,0.003563448030035943
L,3,annealing,6400,,,,,0.007106323493644595
L,3,annealing,12800,,,,,0.014172017050441355
L,3,annealing,25600,,,,,0.02857847500126809
L,3,annealing,51200,,,,,0.05735435395035893
L,3,annealing,102400,,,,,0.11508128145942464
L,3,quadruplet,50,0.002359271500608884,0.00656873299885774,0.011251386000367347,0.0003580289921956137,0.020400574001541827
L,3,quadruplet,100,0.003328372498799581,0.006712305490509607,0.010987164001562633,0.00035911949817091227,0.02131190099316882
L,3,quadruplet,200,0.00541878750664182,0.006686563501716591,0.011213898491405416,0.0003641739967861213,0.02359414099919377
L,3,quadruplet,400,0.009940023497620132,0.006756049995601643,0.011205946997506544,0.00036794949846807867,0.027972138494078536
L,3,quadruplet,800,0.018275690999871586,0.007179961503425147,0.01135071850148961,0.00036283949884818867,0.0372707555143279
L,3,quadruplet,1600,0.036345469001389574,0.00799807399744168,0.011276764504145831,0.00036103299498790875,0.05591599000035785
L,3,quadruplet,3200,0.07491358099650824,0.009834503507590853,0.011228205505176447,0.0003664705000119284,0.09681958049623063
L,3,quadruplet,6400,0.15986541199526982,0.014339022993226536,0.011354318492521998,0.00037000699376221746,0.18707133198768133
L,3,quadruplet,12800,0.34194352949998574,0.02467871750559425,0.0112650204973761,0.0003689695004140958,0.3817814080030075
L,3,quadruplet,25600,1.7031914004983264,0.05047876999742584,0.011300637997919694,0.0003656385015347041,1.7700435800070409
L,3,quadruplet,51200,3.7353750229958678,0.10515411300002597,0.011546923000423703,0.0003749905008589849,3.8614147215048433
L,3,quadruplet,102400,8.002708546002395,0.2212650875080726,0.011701772004016675,0.0003767910020542331,8.23134977650625
L,3,quintuplet,50,0.002359271500608884,0.012716494500637054,0.017675559996860102,0.0003649079953902401,0.03305562200694112
L,3,quintuplet,100,0.003328372498799581,0.01231471299979603,0.017649653505941387,0.0003618924965849146,0.03337166349956533
L,3,quintuplet,200,0.00541878750664182,0.012601711496245116,0.01768737049860647,0.000363227998604998,0.03561775100388331
L,3,quintuplet,400,0.009940023497620132,0.012827501494030003,0.018013567991147283,0.00036792249738937244,0.04058581549907103
L,3,quintuplet,800,0.018275690999871586,0.013285620996612124,0.017967331004911102,0.00036753550375578925,0.04992832901189104
L,3,quintuplet,1600,0.036345469001389574,0.013966794496809598,0.017956322997633833,0.0003664524992927909,0.06868004349962575
L,3,quintuplet,3200,0.07491358099650824,0.016251314998953603,0.01819686200178694,0.00036941550206393003,0.11006685550091788
L,3,quintuplet,6400,0.15986541199526982,0.020786918001249433,0.018071539496304467,0.00037426100607262924,0.20053893799922662
L,3,quintuplet,12800,0.34194352949998574,0.03121359500073595,0.017775871492631268,0.00037093349965289235,0.3919701260019792
L,3,quintuplet,25600,1.7031914004983264,0.05369081350363558,0.017828333504439797,0.0003729364980245009,1.777742890008085
L,3,quintuplet,51200,3.7353750229958678,0.10216932900220854,0.01779339999484364,0.0003715459970408119,3.868718051999167
L,3,quintuplet,102400,8.002708546002395,0.20045655249850824,0.01775506149715511,0.00037012650864198804,8.218214343985892
L,3,random,50,0.0024093845058814622,0.0018124705020454712,11.654783346501063,0.00041749700176296756,11.66154574000393
L,3,random,100,0.003297361996374093,0.0025088134934776463,11.548878765010159,0.0004154604976065457,11.559481821503141
L,3,random,200,0.0055448005005018786,0.004493639993597753,11.102877309502219,0.00039697750617051497,11.112376804507221
L,3,random,400,0.010335021499486174,0.008294282502902206,11.488821648010344,0.0004282985028112307,11.509283873514505
L,3,random,800,0.018548290499893483,0.01357107550575165,11.545165565999923,0.00042073700024047866,11.569662563997554
L,3,random,1600,0.0382839759986382,0.023804526499588974,11.123411387001397,0.00044329599768389016,11.183683628500148
L,3,random,3200,0.07752173899643822,0.0422551689989632,11.50662803150044,0.000434149507782422,11.718208012003743
L,3,random,6400,0.15386656800546916,0.07595150449924404,11.439569249501801,0.00043120050395373255,11.878291748507763
L,3,random,12800,0.3444654284976423,0.14719678549590753,11.523128831002396,0.0004413165006553754,12.172401305484527
L,3,random,25600,1.7677319729991723,0.2669167770072818,11.07712881599582,0.00042754699825309217,13.126380682013405
L,3,random,51200,3.6643806054926245,0.5825698139960878,11.159274046003702,0.0004065570028615184,15.697433048000676
L,3,random,102400,7.646173501991143,1.2089753984910203,10.690206736995606,0.0004174780042376369,19.820990860003803
L,4,annealing,50,,,,,0.00020981853595003486
L,4,annealing,100,,,,,0.00015039893332868814
L,4,annealing,200,,,,,0.0002617939608171582
L,4,annealing,400,,,,,0.0004933970049023628
L,4,annealing,800,,,,,0.0009353969944640994
L,4,annealing,1600,,,,,0.001818688993807882
L,4,annealing,3200,,,,,0.003581727505661547
L,4,annealing,6400,,,,,0.007154167979024351
L,4,annealing,12800,,,,,0.0142656754469499
L,4,annealing,25600,,,,,0.028677068534307182
L,4,annealing,51200,,,,,0.057829759491141886
L,4,annealing,102400,,,,,0.11666559847071767
L,4,quadruplet,50,0.002374656993197277,0.006505265002488159,0.011045045997889247,0.00035389149707043543,0.02017120600794442
L,4,quadruplet,100,0.003331828993395902,0.006616045502596535,0.011046111001633108,0.00035404950904194266,0.021178368493565358
L,4,quadruplet,200,0.00556202949519502,0.006620567000936717,0.011081291500886437,0.0003625665049185045,0.023318862498854287
L,4,quadruplet,400,0.009798307000892237,0.006704359009745531,0.011110604500572663,0.000360574500518851,0.02786670449131634
L,4,quadruplet,800,0.018211283000709955,0.007082457501383033,0.011203997499251273,0.00036266000097384676,0.03666258651355747
L,4,quadruplet,1600,0.03559487249731319,0.007708744997216854,0.011216313505428843,0.0003571994966478087,0.05481411749497056
L,4,quadruplet,3200,0.07563528550235787,0.009403365496837068,0.011243945991736837,0.00036466500750975683,0.0964624085027026
L,4,quadruplet,6400,0.15690179300145246,0.013493321508576628,0.011295324999082368,0.00036896700476063415,0.18395190949377138
L,4,quadruplet,12800,0.33151971199549735,0.022845113497169223,0.011280003498541191,0.0003673130049719475,0.36669464298756793
L,4,quadruplet,25600,1.6878035145055037,0.045295325995539315,0.011302017002890352,0.0003732800032594241,1.7486151640041498
L,4,quadruplet,51200,3.743771987494256,0.09322072850773111,0.011391771491616964,0.000369526504073292,3.855804310507665
L,4,quadruplet,102400,8.221301056502853,0.19808742950408487,0.011557955498574302,0.00037375500687630847,8.41476424249413
L,4,quintuplet,50,0.002374656993197277,0.01261242049804423,0.01756193550681928,0.0003625980025390163,0.03260714247880969
L,4,quintuplet,100,0.003331828993395902,0.012288967001950368,0.017739371498464607,0.0003631515064626001,0.03338662850728724
L,4,quintuplet,200,0.00556202949519502,0.012504986494604964,0.017504086004919372,0.00035740600287681445,0.03513091149216052
L,4,quintuplet,400,0.009798307000892237,0.012709356997220311,0.017773902502085548,0.0003612850050558336,0.040037988481344655
L,4,quintuplet,800,0.018211283000709955,0.013074536007479765,0.017824451002525166,0.00036098000418860465,0.04887056050938554
L,4,quintuplet,1600,0.03559487249731319,0.013902339502237737,0.017925781998201273,0.00036506699689198285,0.06776668999373214
L,4,quintuplet,3200,0.07563528550235787,0.01579684299940709,0.018092989499564283,0.00036691750574391335,0.11053911401540972
L,4,quintuplet,6400,0.15690179300145246,0.02020338700094726,0.018054320498777088,0.0003667439959826879,0.19707721799204592
L,4,quintuplet,12800,0.33151971199549735,0.029150019006920047,0.017595614997844677,0.0003638574999058619,0.3794593484926736
L,4,quintuplet,25600,1.6878035145055037,0.04984321000665659,0.01771065300272312,0.00036410549364518374,1.7552325085052871
L,4,quintuplet,51200,3.743771987494256,0.09149162549874745,0.017592705495189875,0.0003693170001497492,3.8607294324974646
L,4,quintuplet,102400,8.221301056502853,0.17955780700140167,0.0177509234927129,0.0003707564974320121,8.411508633995254
L,4,random,50,0.002374580995819997,0.0017452500032959506,11.264712305499415,0.00041471150325378403,11.270640028487833
L,4,random,100,0.003279191500041634,0.002596375001303386,11.311791385007382,0.00041691849764902145,11.31890990001557
L,4,random,200,0.0057018330044229515,0.004072533505677711,11.489479194999149,0.0004201284973532893,11.499946597003145
L,4,random,400,0.0103513765061507,0.007327302504563704,11.259772616504051,0.00042566999763948843,11.273576652994961
L,4,random,800,0.019077012497291435,0.013355905997741502,11.267165338002087,0.0004237769971950911,11.368944525995175
L,4,random,1600,0.03775097149627982,0.023341875996266026,11.490521923995402,0.0004117345015401952,11.535949643490312
L,4,random,3200,0.08249078300286783,0.03890713449800387,11.371024732005026,0.0004381500039016828,11.734289472005912
L,4,random,6400,0.15688538849644829,0.0732034249958815,10.911645194493758,0.00042166549974353984,11.312640348020068
L,4,random,12800,0.32864044299640227,0.12216144349804381,11.078620306492667,0.00042255749576725066,11.587047824497859
L,4,random,25600,1.6321427609946113,0.246872011499363,11.153093204004108,0.00042275350278941914,13.033112526994955
L,4,random,51200,3.7452428885007976,0.5118420155122294,11.09625574600068,0.0004147884901612997,15.240570089496032
L,4,random,102400,8.215589277497202,1.1311555219945149,11.071164233500895,0.00040644349792273715,20.553136533002544
L,5,annealing,50,,,,,0.00021566404029726982
L,5,annealing,100,,,,,0.0001490619615651667
L,5,annealing,200,,,,,0.00026155152590945363
L,5,annealing,400,,,,,0.0004923724918626249
L,5,annealing,800,,,,,0.0009330729953944683
L,5,annealing,1600,,,,,0.001806065032724291
L,5,annealing,3200,,,,,0.0035638855188153684
L,5,annealing,6400,,,,,0.0070843714638613164
L,5,annealing,12800,,,,,0.014145612018182874
L,5,annealing,25600,,,,,0.02840143203502521
L,5,annealing,51200,,,,,0.05689661845099181
L,5,annealing,102400,,,,,0.11490229150513187
L,5,quadruplet,50,0.0023558954999316484,0.00649366999277845,0.01104239399137441,0.00036143999750493094,0.020168407005257905
L,5,quadruplet,100,0.003275260496593546,0.0066300624966970645,0.011123845004476607,0.000354073999915272,0.021196986504946835
L,5,quadruplet,200,0.005611465501715429,0.006640950494329445,0.01100170100107789,0.00036036050732946023,0.023538514011306688
L,5,quadruplet,400,0.010039611501269974,0.006676466502540279,0.011074291003751568,0.0003678069988382049,0.028010852496663574
L,5,quadruplet,800,0.018277317998581566,0.0069888079960946925,0.010957155995129142,0.0003607935068430379,0.03649242699611932
L,5,quadruplet,1600,0.03688577150023775,0.007670034494367428,0.011128672500490211,0.00036140599695499986,0.0561269929894479
L,5,quadruplet,3200,0.07804266500170343,0.009328237501904368,0.011175910498423036,0.00036857599479844794,0.10006567301024916
L,5,quadruplet,6400,0.1542602334957337,0.013027891996898688,0.011168266501044855,0.0003731150063686073,0.18002892351796618
L,5,quadruplet,12800,0.3309374085001764,0.022126710005977657,0.011201863999303896,0.0003655090040410869,0.36592449100135127
L,5,quadruplet,25600,1.724996121993172,0.04367369799729204,0.011191826000867877,0.00037050099490443245,1.7830080710045877
L,5,quadruplet,51200,3.703507272999559,0.0895307894970756,0.011478085492854007,0.0003704699920490384,3.817510790489905
L,5,quadruplet,102400,8.265995704503439,0.1856915245007258,0.011534218007000163,0.00037182400410529226,8.467767179492512
L,5,quintuplet,50,0.0023558954999316484,0.012820208001357969,0.017562201006512623,0.00035643050068756565,0.03276156499487115
L,5,quintuplet,100,0.003275260496593546,0.012481297497288324,0.017606700508622453,0.000357568496838212,0.03339565100031905
L,5,quintuplet,200,0.005611465501715429,0.012449255504179746,0.0175337304972345,0.0003645254982984625,0.035821645993564744
L,5,quintuplet,400,0.010039611501269974,0.012722930005111266,0.017792927501432132,0.00036356450436869636,0.04023651700845221
L,5,quintuplet,800,0.018277317998581566,0.012961166496097576,0.017903456500789616,0.00036538499261951074,0.0493203760124743
L,5,quintuplet,1600,0.03688577150023775,0.013826355003402568,0.018027897996944375,0.00036511300277197734,0.06903710200276691
L,5,quintuplet,3200,0.07804266500170343,0.015882009502092842,0.018167254493164364,0.0003752945049200207,0.11329136700805975
L,5,quintuplet,6400,0.1542602334957337,0.01994664799713064,0.0180499010020867,0.00036813800397794694,0.19280727799923625
L,5,quintuplet,12800,0.3309374085001764,0.02854921449761605,0.017802239002776332,0.0003748560047824867,0.37963704849244095
L,5,quintuplet,25600,1.724996121993172,0.04775041600805707,0.017664901497482788,0.0003710605014930479,1.795153206498071
L,5,quintuplet,51200,3.703507272999559,0.08830904299975373,0.017752038496837486,0.00037448600050993264,3.8102091965047293
L,5,quintuplet,102400,8.265995704503439,0.17153890900226543,0.017706816492136568,0.00036785299744224176,8.462032266994356
L,5,random,50,0.002320143503311556,0.001745033499901183,11.192266680001921,0.0004008149990113452,11.197933077492053
L,5,random,100,0.0032367454914492555,0.002496579494618345,11.498805158502364,0.00041328350926050916,11.505247052999039
L,5,random,200,0.005943641495832708,0.0042168419968220405,11.393383492002613,0.00045492449862649664,11.40401779099193
L,5,random,400,0.01067847000376787,0.006898397499753628,11.196008911501849,0.0004282769950805232,11.213823521007726
L,5,random,800,0.019486418008455075,0.013048978500592057,11.44050105199858,0.0004190754989394918,11.474638594510907
L,5,random,1600,0.0376334750035312,0.021680957994249184,11.177730256997165,0.00039885099249659106,11.367047493004065
L,5,random,3200,0.08351081949513173,0.03955275399493985,11.065103599001304,0.00041340749885421246,11.514370235498063
L,5,random,6400,0.15242704300180776,0.06839799800218316,11.260737614997197,0.00043930199899477884,11.493659654996009
L,5,random,12800,0.3450207759960904,0.12764744599553524,11.26898221050942,0.00042476099770283327,12.013929850996647
L,5,random,25600,1.6375091054942459,0.24795237000944326,11.072603813496244,0.0004080205035279505,13.12187610300316
L,5,random,51200,3.849922051500471,0.48515531049633864,10.989838420500746,0.00040162000368582085,15.372248758503702
L,5,random,102400,8.182949778005423,1.1079103290030616,10.772081912997237,0.0004324155015638098,20.333436403016094
W,1,annealing,50,,,,,0.00015456404071301222
W,1,annealing,100,,,,,0.00013626343570649624
W,1,annealing,200,,,,,0.00024062301963567734
W,1,annealing,400,,,,,0.0004619574756361544
W,1,annealing,800,,,,,0.0008986869943328202
W,1,annealing,1600,,,,,0.001767499023117125
W,1,annealing,3200,,,,,0.0035076210042461753
W,1,annealing,6400,,,,,0.007003155478741974
W,1,annealing,12800,,,,,0.014025573967956007
W,1,annealing,25600,,,,,0.028028105502016842
W,1,annealing,51200,,,,,0.05637955490965396
W,1,annealing,102400,,,,,0.11313448357395828
W,1,quadruplet,50,0.0023163399964687414,0.006620056999963708,0.011107906997494865,0.00035669100179802626,0.020273797010304406
W,1,quadruplet,100,0.0032464210016769357,0.006802310010243673,0.011182410002220422,0.0003584004953154363,0.02145268899766961
W,1,quadruplet,200,0.005149966993485577,0.0068168534999131225,0.011135594504594337,0.0003689125005621463,0.023454389011021703
W,1,quadruplet,400,0.00941455300198868,0.0069054744963068515,0.01108243149064947,0.0003586785023799166,0.027624417991319206
W,1,quadruplet,800,0.01750700799311744,0.0075809589980053715,0.01120736550365109,0.00036343049578135833,0.03652890500234207
W,1,quadruplet,1600,0.03369036899675848,0.0087208400000236,0.011130797996884212,0.0003631744984886609,0.05380908749793889
W,1,quadruplet,3200,0.07156928850599797,0.011823724496935029,0.011211456505407114,0.0003702610047184862,0.09514629750628956
W,1,quadruplet,6400,0.14782423449651105,0.019003126995812636,0.011022185004549101,0.0003671965023386292,0.1797067715015146
W,1,quadruplet,12800,0.31732339200243587,0.037284896498022135,0.011065129496273585,0.00037153400626266375,0.3694686270027887
W,1,quadruplet,25600,1.5521070794929983,0.07961722049367381,0.010985421991790645,0.0003667519995360635,1.6349440644989954
W,1,quadruplet,51200,3.3851032445018063,0.1673608074997901,0.01122513600421371,0.00037046549550723284,3.558845699997619
W,1,quadruplet,102400,6.9909442299976945,0.3627336555000511,0.011504778995004017,0.0003725855058291927,7.396046542002296
W,1,quintuplet,50,0.0023163399964687414,0.012743857005261816,0.017629478497838136,0.0003662189992610365,0.033045928001229186
W,1,quintuplet,100,0.0032464210016769357,0.012450936999812257,0.017781817994546145,0.00036956350231776014,0.03379055799450725
W,1,quintuplet,200,0.005149966993485577,0.012615582498256117,0.017633194504014682,0.00035823900543618947,0.035519731005479116
W,1,quintuplet,400,0.00941455300198868,0.01297583049745299,0.017775517495465465,0.00036134899710305035,0.0399214859935455
W,1,quintuplet,800,0.01750700799311744,0.013665633501659613,0.017989472500630654,0.0003666150078061037,0.049068292981246486
W,1,quintuplet,1600,0.03369036899675848,0.015029515998321585,0.017944912004168145,0.00036963450111215934,0.06682459401781671
W,1,quintuplet,3200,0.07156928850599797,0.018707629998971242,0.017999765994318295,0.00037081649497849867,0.10862933950556908
W,1,quintuplet,6400,0.14782423449651105,0.026108238998858724,0.017668560503807385,0.00037054850690765306,0.19278606450097868
W,1,quintuplet,12800,0.31732339200243587,0.043537630008358974,0.01758371749019716,0.00036475500382948667,0.3853430740055046
W,1,quintuplet,25600,1.5521070794929983,0.08130830000300193,0.017822187503043097,0.00036899300175718963,1.6431006034981692
W,1,quintuplet,51200,3.3851032445018063,0.15712960249948082,0.017729048006003723,0.0003766830050153658,3.5551335035124794
W,1,quintuplet,102400,6.9909442299976945,0.3310020729986718,0.017691925997496583,0.0003643905001808889,7.361872851499356
W,1,random,50,0.0023928055015858263,0.0023919839950394817,11.000042184496124,0.00040935399010777473,11.004616597987479
W,1,random,100,0.0032238830026471987,0.003597107992391102,11.379940192498907,0.0004183455021120608,11.388645902494318
W,1,random,200,0.0050921350048156455,0.0061324839989538305,11.306203859996458,0.00042270800622645766,11.322555484002805
W,1,random,400,0.00924319050682243,0.01207533800334204,11.491816194989951,0.00042606450006132945,11.509218122984748
W,1,random,800,0.017705681500956416,0.02182930300477892,11.364504741497512,0.0004099824946024455,11.39365998399444
W,1,random,1600,0.03341260649904143,0.03632540000398876,11.164048489496054,0.0004361689934739843,11.226440774997172
W,1,random,3200,0.0722441375037306,0.06809550149773713,11.165927450500021,0.00041678400157252327,11.298559042508714
W,1,random,6400,0.1535841459990479,0.12012970900104847,11.16993764750805,0.0004246204989613034,11.575088271500135
W,1,random,12800,0.32591831350146094,0.23144628400041256,11.216882673994405,0.0004122850004932843,12.069063337003172
W,1,random,25600,1.5632708440025453,0.48191619649878703,10.688311717502074,0.0004101779995835386,12.824140087985143
W,1,random,51200,3.1658130424984847,1.0455355640006019,10.641758613499405,0.0003994229991803877,15.060725849005394
W,1,random,102400,6.426613411997096,1.987663233994681,10.597935682999378,0.0004184400022495538,19.436104464497475
W,2,annealing,50,,,,,0.00017823249800130725
W,2,annealing,100,,,,,0.00014285498764365911
W,2,annealing,200,,,,,0.00024819205282256007
W,2,annealing,400,,,,,0.00047542498214170337
W,2,annealing,800,,,,,0.0009120089816860855
W,2,annealing,1600,,,,,0.001790074456948787
W,2,annealing,3200,,,,,0.0035406830138526857
W,2,annealing,6400,,,,,0.007051346532534808
W,2,annealing,12800,,,,,0.014122631982900202
W,2,annealing,25600,,,,,0.028271501534618437
W,2,annealing,51200,,,,,0.05649771902244538
W,2,annealing,102400,,,,,0.11395808449015021
W,2,quadruplet,50,0.002321610001672525,0.006483168501290493,0.010985866996634286,0.0003580659977160394,0.020025913501740433
W,2,quadruplet,100,0.0032993424974847585,0.006661165003606584,0.011157220498716924,0.00035765700158663094,0.021452742992551066
W,2,quadruplet,200,0.005366990502807312,0.006654341006651521,0.01114573300583288,0.00036512649967335165,0.023461233497073408
W,2,quadruplet,400,0.010083120505441912,0.006806436002079863,0.01104497099731816,0.00036659149918705225,0.02816761649592081
W,2,quadruplet,800,0.01817791649955325,0.007201927495771088,0.011227435010368936,0.00036448249738896266,0.036735875510203186
W,2,quadruplet,1600,0.0357580540003255,0.008059801999479532,0.011211721997824498,0.0003692745012813248,0.05543118050263729
W,2,quadruplet,3200,0.07403429500118364,0.009745879498950671,0.011067380495660473,0.0003636974943219684,0.09558622000622563
W,2,quadruplet,6400,0.15318197200394934,0.01429423900844995,0.01111906000005547,0.00036477099638432264,0.18005584099591943
W,2,quadruplet,12800,0.3397731189907063,0.02549378500407329,0.01117767600226216,0.0003673375031212345,0.3782668160056346
W,2,quadruplet,25600,1.6938611884979764,0.05106552049983293,0.011126009005238302,0.00036870199983241037,1.7607946064817952
W,2,quadruplet,51200,3.719601723001688,0.10750414200447267,0.011500272994453553,0.0003779484977712855,3.8375028205045965
W,2,quadruplet,102400,7.937963760501589,0.23297978350456106,0.011714085994753987,0.00037415399856399745,8.180271016506595
W,2,quintuplet,50,0.002321610001672525,0.012585522505105473,0.01755533599498449,0.0003630460050771944,0.032493949998752214
W,2,quintuplet,100,0.0032993424974847585,0.01240081950527383,0.01759131799917668,0.0003591979912016541,0.033419474500988144
W,2,quintuplet,200,0.005366990502807312,0.012482434496632777,0.017521476991532836,0.0003594764930312522,0.03559788649727125
W,2,quintuplet,400,0.010083120505441912,0.012755358999129385,0.017793025996070355,0.000366798005416058,0.040438798496325035
W,2,quintuplet,800,0.01817791649955325,0.01321379449655069,0.018002853998041246,0.00036684799852082506,0.04968871548771858
W,2,quintuplet,1600,0.0357580540003255,0.01420773000427289,0.01792582199414028,0.0003615155001170933,0.06817394750396488
W,2,quintuplet,3200,0.07403429500118364,0.016266555998299737,0.018032130996289197,0.00035699550790013745,0.10808443449786864
W,2,quintuplet,6400,0.15318197200394934,0.020965379997505806,0.01795739099907223,0.0003628464983194135,0.19390247899718815
W,2,quintuplet,12800,0.3397731189907063,0.03158003249700414,0.017657366508501582,0.000370513997040689,0.3918040339995059
W,2,quintuplet,25600,1.6938611884979764,0.05470325950591359,0.017571604999830015,0.00036628149246098474,1.767277014994761
W,2,quintuplet,51200,3.719601723001688,0.10432232150196796,0.017787790500733536,0.00036700600321637467,3.8342169114985154
W,2,quintuplet,102400,7.937963760501589,0.2094100924950908,0.017674640999757685,0.0003687779972096905,8.180589505500393
W,2,random,50,0.002325661997019779,0.0018491435039322823,11.127751555504801,0.00041922500531654805,11.132256167504238
W,2,random,100,0.003219505997549277,0.0027078760031145066,11.044643743000051,0.0004241190108587034,11.051124457502738
W,2,random,200,0.005417643005785067,0.004427724503329955,11.228962926004897,0.00042733800364658237,11.238051512016682
W,2,random,400,0.010898846499912906,0.008381382504012436,11.110226778997458,0.0004392025002744049,11.12884316749114
W,2,random,800,0.01881197099282872,0.013910071000282187,11.51242808749521,0.0004389409950817935,11.609484835986223
W,2,random,1600,0.037952629500068724,0.023107111504941713,11.66318032649724,0.0004440065022208728,11.811940258499817
W,2,random,3200,0.08262850999744842,0.041891564505931456,11.162205294509477,0.0004136915013077669,11.529003969997575
W,2,random,6400,0.1617272884977865,0.07482865399651928,10.94470073949924,0.0004211315026623197,11.297584410007403
W,2,random,12800,0.3492878414981533,0.1434300129985786,10.81063538199669,0.0004179205061518587,11.640651838497433
W,2,random,25600,1.8048786500003189,0.2677909829944838,11.145293415000197,0.000430401494668331,13.155480702509522
W,2,random,51200,3.910186397501093,0.5185216390091227,11.049996161003946,0.00041128100565401837,15.452605771999515
W,2,random,102400,7.787979627493769,1.1774171875003958,10.876540372002637,0.00040770499617792666,20.137150622504123
W,3,annealing,50,,,,,0.00019443104974925518
W,3,annealing,100,,,,,0.00014559895498678088
W,3,annealing,200,,,,,0.000254157988820225
W,3,annealing,400,,,,,0.0004816130385734141
W,3,annealing,800,,,,,0.0009216524777002633
W,3,annealing,1600,,,,,0.0017952820053324103
W,3,annealing,3200,,,,,0.003560694574844092
W,3,annealing,6400,,,,,0.007098592526745051
W,3,annealing,12800,,,,,0.014147984504234046
W,3,annealing,25600,,,,,0.028498348547145724
W,3,annealing,51200,,,,,0.05717357498360798
W,3,annealing,102400,,,,,0.11519155401038006
W,3,quadruplet,50,0.0023716349969618022,0.0065517394978087395,0.011037794000003487,0.0003566060040611774,0.020132786004978698
W,3,quadruplet,100,0.00334945649956353,0.006640719002461992,0.011227033493923955,0.0003569129985407926,0.021330108502297662
W,3,quadruplet,200,0.0054833940012031235,0.00654493900219677,0.011228892995859496,0.0003604180019465275,0.023425776002113707
W,3,quadruplet,400,0.009949908002454322,0.006635200006712694,0.011082382494350895,0.0003623769953264855,0.02784115400572773
W,3,quadruplet,800,0.01843467800790677,0.007112261504516937,0.011231320000661071,0.0003639899950940162,0.03703368399874307
W,3,quadruplet,1600,0.03612590600823751,0.007531372495577671,0.01101820149779087,0.00036120499862590805,0.055134980990260374
W,3,quadruplet,3200,0.07834857349371305,0.009528488000796642,0.011147637000249233,0.0003638220005086623,0.099581844995555
W,3,quadruplet,6400,0.15333988750353456,0.013300637496286072,0.011173064995091408,0.000366068008588627,0.17953059649153147
W,3,quadruplet,12800,0.3239565295007196,0.02271367301000282,0.011377258495485876,0.0003646245095296763,0.35934049550269265
W,3,quadruplet,25600,1.6694654544990044,0.0454664534991025,0.011238970000704285,0.0003666814955067821,1.7225190719982493
W,3,quadruplet,51200,3.7634562839957653,0.09406865200435277,0.011479687498649582,0.00037823299498995766,3.861324132005393
W,3,quadruplet,102400,8.357321871997556,0.19525858600536594,0.011706493496603798,0.0003702949979924597,8.570629894005833
W,3,quintuplet,50,0.0023716349969618022,0.012706374502158724,0.01745462649705587,0.00036073150113224983,0.03256192649132572
W,3,quintuplet,100,0.00334945649956353,0.012362071494862903,0.017710431005980354,0.0003585325030144304,0.03344622199074365
W,3,quintuplet,200,0.0054833940012031235,0.012528396997367963,0.017629130496061407,0.0003591235072235577,0.03560906350321602
W,3,quintuplet,400,0.009949908002454322,0.012660451997362543,0.017723541001032572,0.0003638304988271557,0.04037350600265199
W,3,quintuplet,800,0.01843467800790677,0.013154758002201561,0.017891823496029247,0.00036399300006451085,0.04946870250569191
W,3,quintuplet,1600,0.03612590600823751,0.013806368500809185,0.01794179449643707,0.0003636539913713932,0.06795341250108322
W,3,quintuplet,3200,0.07834857349371305,0.01588978400104679,0.018149034003727138,0.0003698130021803081,0.11374395050370367
W,3,quintuplet,6400,0.15333988750353456,0.020122688998526428,0.018012647997238673,0.00036389600427355617,0.19228868201753357
W,3,quintuplet,12800,0.3239565295007196,0.029058134503429756,0.01771675499912817,0.00036417100636754185,0.37216637300298316
W,3,quintuplet,25600,1.6694654544990044,0.049750071491871495,0.017629067500820383,0.0003723310073837638,1.7369991915038554
W,3,quintuplet,51200,3.7634562839957653,0.09202158450352727,0.01787053899897728,0.00037578699993900955,3.8654495464943466
W,3,quintuplet,102400,8.357321871997556,0.18248258250241634,0.017698371499136556,0.00036783150426344946,8.56718800598901
W,3,random,50,0.0024164570058928803,0.0017634860050748102,11.389236624498153,0.00043418250425020233,11.393316929999855
W,3,random,100,0.0033738950005499646,0.002624181994178798,11.142402295001375,0.00041157499799737707,11.149321918994247
W,3,random,200,0.005587530504271854,0.004258319495420437,11.214435962501739,0.00045078399853082374,11.223765123002522
W,3,random,400,0.01023352199990768,0.0076071010043961,11.336008653503086,0.00042376449709990993,11.352189037002972
W,3,random,800,0.01942486150073819,0.012704335997113958,11.503362352501426,0.0004105039988644421,11.537841269011551
W,3,random,1600,0.03894213899911847,0.023109796005883254,11.591052215502714,0.00043402399751357734,11.682310101990879
W,3,random,3200,0.07784078299300745,0.03995825000311015,11.040843923503417,0.00043895599810639396,11.391703882014554
W,3,random,6400,0.14675816900125938,0.07359173099393956,11.3311909884942,0.00042366950219729915,11.680378138487868
W,3,random,12800,0.31598894750641193,0.13196787099150242,10.922690921492176,0.00044271799561101943,11.549911644011445
W,3,random,25600,1.6841161445045145,0.2593961364982533,11.175143537002441,0.0004035150050185621,13.00114683949505
W,3,random,51200,3.652215337497182,0.5414239624951733,10.630429110009572,0.0004322505119489506,14.957047281997802
W,3,random,102400,8.149809781003569,1.1359672550024698,11.124935099498543,0.0004326730049797334,20.75232470849005
W,4,annealing,50,,,,,0.00022543949307873845
W,4,annealing,100,,,,,0.00015214650193229318
W,4,annealing,200,,,,,0.00026674498803913593
W,4,annealing,400,,,,,0.0004953595343977213
W,4,annealing,800,,,,,0.00093817402375862
W,4,annealing,1600,,,,,0.0018208405235782266
W,4,annealing,3200,,,,,0.0036058489931747317
W,4,annealing,6400,,,,,0.007192596967797726
W,4,annealing,12800,,,,,0.014318834524601698
W,4,annealing,25600,,,,,0.02867539704311639
W,4,annealing,51200,,,,,0.05790724995313212
W,4,annealing,102400,,,,,0.1166701455367729
W,4,quadruplet,50,0.002392162998148706,0.006527076999191195,0.01105741899664281,0.0003556969968485646,0.02021089550544275
W,4,quadruplet,100,0.0033281790019827895,0.006647991009231191,0.011222439505218063,0.0003582304998417385,0.021376321514253505
W,4,quadruplet,200,0.0056415590006508864,0.006702696991851553,0.011079177500505466,0.0003629180064308457,0.023596603496116586
W,4,quadruplet,400,0.009767404495505616,0.006597193998459261,0.011019262492482085,0.0003631049912655726,0.027630385498923715
W,4,quadruplet,800,0.01876751549571054,0.007089130500389729,0.011202315006812569,0.0003656090048025362,0.037452095486514736
W,4,quadruplet,1600,0.03717478799808305,0.007741449000604916,0.011273143005382735,0.00036117350100539625,0.05634662751981523
W,4,quadruplet,3200,0.08014948549680412,0.00945743449847214,0.011172214006364811,0.00036766549601452425,0.10202475148980739
W,4,quadruplet,6400,0.15649966450291686,0.01324500450573396,0.011184513503394555,0.0003656784974737093,0.18123768051009392
W,4,quadruplet,12800,0.3149282625017804,0.02189962649572408,0.011182445501617622,0.00037043399788672104,0.3488110795005923
W,4,quadruplet,25600,1.706575662996329,0.04334412849857472,0.011304913001367822,0.00037353199877543375,1.7605720645005931
W,4,quadruplet,51200,3.7143238255011966,0.08880568400491029,0.011397102498449385,0.00036184600321576,3.8269150525156874
W,4,quadruplet,102400,8.440613511498668,0.18598920649674255,0.011695087006955873,0.00037375299871200696,8.63689290649927
W,4,quintuplet,50,0.002392162998148706,0.012792519497452304,0.017647611995926127,0.00036353449104353786,0.03312320599798113
W,4,quintuplet,100,0.0033281790019827895,0.012333466998825315,0.01764430550247198,0.0003652059967862442,0.033448021502408665
W,4,quintuplet,200,0.0056415590006508864,0.01247023150062887,0.01754251550300978,0.0003596599999582395,0.03558272749069147
W,4,quintuplet,400,0.009767404495505616,0.012622790498426184,0.017966436498682015,0.00036525700124911964,0.0405549244969734
W,4,quintuplet,800,0.01876751549571054,0.013147711499186698,0.018004445009864867,0.00037310800689738244,0.04988410350779304
W,4,quintuplet,1600,0.03717478799808305,0.013855897501343861,0.018100037006661296,0.0003681304951896891,0.06981325050583109
W,4,quintuplet,3200,0.08014948549680412,0.015700939497037325,0.01821451599971624,0.0003666894990601577,0.11505801050225273
W,4,quintuplet,6400,0.15649966450291686,0.01978751349815866,0.018123208996257745,0.00037282900302670896,0.1940383385081077
W,4,quintuplet,12800,0.3149282625017804,0.027979457008768804,0.017759422997187357,0.00037214800977380946,0.3623823584857746
W,4,quintuplet,25600,1.706575662996329,0.04800669800169999,0.017652106995228678,0.00037103999056853354,1.7732632020051824
W,4,quintuplet,51200,3.7143238255011966,0.08664057400164893,0.017662044003373012,0.0003687030039145611,3.8283743025021977
W,4,quintuplet,102400,8.440613511498668,0.17144547100906493,0.017790497506211977,0.00037523450009757653,8.627896415513533
W,4,random,50,0.002429539497825317,0.0017188355050166138,10.9132832575051,0.00041187200258718804,10.9187052519992
W,4,random,100,0.003687371499836445,0.0025203615077771246,11.41589715200098,0.0004096615011803806,11.42335316149547
W,4,random,200,0.005944065997027792,0.004068079993885476,11.56268950550293,0.0004360425009508617,11.572746996505884
W,4,random,400,0.010512647000723518,0.00720659400394652,11.810462615503639,0.0003983235073974356,11.825527778499236
W,4,random,800,0.01927126550435787,0.01284909150126623,11.339702740500798,0.00041543550469214097,11.37179914250737
W,4,random,1600,0.03892560050007887,0.023304635506065097,11.898571069497848,0.0004393299968796782,11.974193497495435
W,4,random,3200,0.08589003900851822,0.04008242949930718,11.50094284300576,0.0004126070052734576,11.908443070984504
W,4,random,6400,0.1586754949967144,0.07386881300044479,11.400262910501624,0.00040591650758869946,11.79261346750718
W,4,random,12800,0.31077330950211035,0.13096978850080632,10.952138014501543,0.00040802299918141216,11.589043219006271
W,4,random,25600,1.7460673500027042,0.25264951949066017,11.133996553508041,0.0004335824996815063,13.39708774099563
W,4,random,51200,3.751571870998305,0.47499321900249925,10.79314562399668,0.0004102905004401691,15.072949043991684
W,4,random,102400,8.400199523501215,1.1155227924973588,10.726123427491984,0.0004340985033195466,20.391352936509065
W,5,annealing,50,,,,,0.00021836301311850548
W,5,annealing,100,,,,,0.00014998152619227767
W,5,annealing,200,,,,,0.0002617574646137655
W,5,annealing,400,,,,,0.000487763958517462
W,5,annealing,800,,,,,0.0009248645510524511
W,5,annealing,1600,,,,,0.0017896990175358951
W,5,annealing,3200,,,,,0.003534224524628371
W,5,annealing,6400,,,,,0.007030333508737385
W,5,annealing,12800,,,,,0.013982069038320333
W,5,annealing,25600,,,,,0.0280038159689866
W,5,annealing,51200,,,,,0.05617687402991578
W,5,annealing,102400,,,,,0.11293597501935437
W,5,quadruplet,50,0.002280404994962737,0.006213504500919953,0.010740383004304022,0.00034264650457771495,0.019661301499581896
W,5,quadruplet,100,0.003257883494370617,0.0064318700024159625,0.010998425997968297,0.0003359615002409555,0.02103387799434131
W,5,quadruplet,200,0.005440747503598686,0.006400519494491164,0.010701924002205487,0.0003466500056674704,0.02294784349942347
W,5,quadruplet,400,0.009179032000247389,0.006289497003308497,0.010531013504078146,0.0003465764966676943,0.026479095497052185
W,5,quadruplet,800,0.017439467505028006,0.0067205514933448285,0.010739737001131289,0.00035502500395523384,0.03535324150288943
W,5,quadruplet,1600,0.03587458349647932,0.007301623998500872,0.01062533950607758,0.0003424140013521537,0.0546640690008644
W,5,quadruplet,3200,0.07458300100552151,0.008828066500427667,0.010570281498075929,0.0003493234980851412,0.09486103249946609
W,5,quadruplet,6400,0.14371129150822526,0.012217245508509222,0.010595048006507568,0.00034614950709510595,0.16775741749734152
W,5,quadruplet,12800,0.297374812005728,0.020397653999680188,0.010799593495903537,0.0003528119996190071,0.33074681000289274
W,5,quadruplet,25600,1.5917120750018512,0.040597935003461316,0.010821446499903686,0.0003497239958960563,1.6460305824948591
W,5,quadruplet,51200,3.5148993675029487,0.08307212400541175,0.01094894500420196,0.0003551385016180575,3.6130188350070966
W,5,quadruplet,102400,8.009607868989406,0.17028969100647373,0.010958934501104522,0.00034634250187082216,8.197214618994622
W,5,quintuplet,50,0.002280404994962737,0.012453539507987443,0.01694028299243655,0.0003417109983274713,0.03207729350833688
W,5,quintuplet,100,0.003257883494370617,0.011851739502162673,0.01716513599967584,0.0003406504984013736,0.03272650748840533
W,5,quintuplet,200,0.005440747503598686,0.011960836498474237,0.01690530349878827,0.00034343399602221325,0.03450370500650024
W,5,quintuplet,400,0.009179032000247389,0.01219222899817396,0.017207078497449402,0.0003428089985391125,0.03888511352124624
W,5,quintuplet,800,0.017439467505028006,0.012696100995526649,0.01743637100298656,0.00034740499540930614,0.04786729899205966
W,5,quintuplet,1600,0.03587458349647932,0.013188714001444168,0.017359112498525064,0.0003465115005383268,0.06799242700071773
W,5,quintuplet,3200,0.07458300100552151,0.014903574498021044,0.017305813998973463,0.00034718949609668925,0.10815087549417512
W,5,quintuplet,6400,0.14371129150822526,0.018779165999148972,0.01719228750152979,0.00035548300365917385,0.18118335049803136
W,5,quintuplet,12800,0.297374812005728,0.02671642100176541,0.017335413002001587,0.00034926499938592315,0.34314062450721394
W,5,quintuplet,25600,1.5917120750018512,0.04464451850071782,0.017243684000277426,0.0003455165060586296,1.65737329798867
W,5,quintuplet,51200,3.5148993675029487,0.0817608189972816,0.01736763250664808,0.0003558550015441142,3.621296449993679
W,5,quintuplet,102400,8.009607868989406,0.16144946749409428,0.017056447999493685,0.0003471609961707145,8.190467563996208
W,5,random,50,0.0020400809953571297,0.001462358508433681,9.322336496996286,0.00035131100594298914,9.326245830998232
W,5,random,100,0.0028378090064506978,0.002116361996741034,9.861415316503553,0.0003297319999546744,9.86790878001193
W,5,random,200,0.005275775998597965,0.0036852590055787005,9.848218564999115,0.0003758180027944036,9.85902475999319
W,5,random,400,0.007598863499879371,0.005849631495948415,10.010394997501862,0.0003564770013326779,10.024662902011187
W,5,random,800,0.015002849504526239,0.009514718003629241,10.27788018699357,0.00035565999860409647,10.299288226000499
W,5,random,1600,0.030851968498609494,0.017633192001085263,9.926244138005131,0.0003541394980857149,10.07448308851599
W,5,random,3200,0.07074741299584275,0.03149196950835176,9.695803905000503,0.0003362835050211288,9.989888702999451
W,5,random,6400,0.13015569799608784,0.058350885497929994,9.797036233496328,0.0003310810061520897,10.063185526501911
W,5,random,12800,0.2856293704971904,0.10287157999846386,9.288489653503348,0.0003330984982312657,9.690412431511504
W,5,random,25600,0.7856873224955052,0.18193101049837423,9.446323035503156,0.0003304184938315302,10.88857105900388
W,5,random,51200,2.9881255034997594,0.3369893074996071,9.771546625503106,0.00034350500209257007,13.041396158980206
W,5,random,102400,7.258519893497578,0.7913458595066913,9.188162726495648,0.00033342900132993236,18.103074061480584
